Molecular_Weight,SMILES,sol_final,LogS
41.988,[F-].[Na+],30.0,-0.14600393381086882
165.708,CC[N+](CC)(CC)CC.[Cl-],0.0203,-3.9118474377480488
205.641,CC1=NC=C(C(=C1O)CO)CO.Cl,7.5,-1.4380484437145291
368.499,CC(CC1=CC=CC=C1)N.CC(CC1=CC=CC=C1)N.OS(=O)(=O)O,75.0,-0.6913750502550089
472.8880000000002,CCN(CC)CCCC(C)NC1=C2C=C(C=CC2=NC3=C1C=CC(=C3)Cl)OC.Cl.Cl,30.0,-1.1976370387842263
960.822,CC1=C(C=CC(=C1)C2=CC(=C(C=C2)N=NC3=C(C4=C(C=C(C=C4C=C3S(=O)(=O)[O-])S(=O)(=O)[O-])N)O)C)N=NC5=C(C6=C(C=C(C=C6C=C5S(=O)(=O)[O-])S(=O)(=O)[O-])N)O.[Na+].[Na+].[Na+].[Na+],5.5,-2.242280249081722
448.0910000000002,CC(C)(C)CC(C)(C)C1=CC=C(C=C1)OCCOCC[N+](C)(C)CC2=CC=CC=C2.[Cl-],30.0,-1.1742449663868872
159.616,COC1=CC=CC=C1N.Cl,30.0,-0.7259551684067486
249.705,C1=CC=C(C=C1)N=NC2=C(N=C(C=C2)N)N.Cl,0.0304,-3.914553654980756
232.28,C1CNCCN1.C(CCC(=O)O)CC(=O)O,30.0,-0.8888905626416241
358.19000000000005,C(CN(CC(=O)[O-])CC(=O)[O-])N(CC(=O)O)CC(=O)[O-].[Na+].[Na+].[Na+],7.5,-1.679052193594674
325.288,CC(=O)[O-].CC(=O)[O-].[Pb+2],30.0,-1.035146787566466
230.695,CCN(CC)C1=CC(=C(C=C1)N=O)O.Cl,75.0,-0.48797691848985636
496.4300000000002,CC1=CC(=C(C=C1S(=O)(=O)[O-])OC)N=NC2=C(C=CC3=C2C=CC(=C3)S(=O)(=O)[O-])O.[Na+].[Na+],225.0,-0.3436755005670086
65.011,[N-]=[N+]=[N-].[Na+],75.0,0.062074416977789176
510.3090000000002,C[N+](C)(C)CCOP(=O)([O-])OP(=O)([O-])OC[C@@H]1[C@H]([C@H]([C@@H](O1)N2C=CC(=NC2=O)N)O)O.[Na+],0.0037,-5.139631503712365
228.185,CC(C)N.C(C(=O)O)NCP(=O)(O)O,1050.0,0.662902206890197
236.249,COC1=C(C=C(C=C1)N)N.OS(=O)(=O)O,30.0,-0.8962487241742263
410.6050000000001,CCCN1C[C@@H](C[C@H]2[C@H]1CC3=CNC4=CC=CC2=C34)CSC.CS(=O)(=O)O,0.0023,-5.2516963975196305
392.9080000000001,CCC1=CN=C(C=C1)CCOC2=CC=C(C=C2)CC3C(=O)NC(=O)S3.Cl,0.0018,-5.3390183664687045
317.21599999999995,COC1=C(C=CC(=C1)C2=CC(=C(C=C2)N)OC)N.Cl.Cl,30.0,-1.024233829778568
262.343,C1CC2C(C(C1O2)C(=O)[O-])C(=O)[O-].[K+].[K+],1228.0,0.6703288862331749
538.1280000000002,CC(C)(C1=CC=C(C=C1)C(CCCN2CCC(CC2)C(C3=CC=CC=C3)(C4=CC=CC=C4)O)O)C(=O)O.Cl,0.0718,-3.874761145702587
328.88400000000007,C1COCCN1CCC(=O)NC23CC4CC(C2)CC(C4)C3.Cl,0.0489,-3.8277338867192263
300.254,C1CN(CC2=C1SC=C2)CC3=CC=CC=C3Cl.Cl,0.0029,-5.015090803909064
389.96700000000016,CCCC(C1=CC=CC=C1)(C2=CC=CC=C2)C(=O)OCCN(CC)CC.Cl,0.0474,-3.915249515802981
345.874,CN(C)CCCOC1=NN(C2=CC=CC=C21)CC3=CC=CC=C3.Cl,0.0225,-4.1867353983958395
460.77,C1=CC(=CC=C1CSC(CN2C=CN=C2)C3=C(C=C(C=C3)Cl)Cl)Cl.[N+](=O)(O)[O-],0.0487,-3.975955233899759
419.8690000000001,COC1=C(C=C2C(=C1)C(=NC(=N2)N3CCN(CC3)C(=O)C4=CC=CO4)N)OC.Cl,0.0619,-3.831423161731336
479.1470000000001,C1=CC(=C(C=C1Cl)Cl)COC(CN2C=CN=C2)C3=C(C=C(C=C3)Cl)Cl.[N+](=O)(O)[O-],0.0263,-4.260513024830312
329.831,CC1=NC=CN1CC2CCC3=C(C2=O)C4=CC=CC=C4N3C.Cl,0.0477,-3.8397730924510305
356.853,C1CN(CCN1CC2=CC=CC=C2)C(=O)C3=CC4=CC=CC=C4O3.Cl,0.0415,-3.9344412554330312
249.179,C1=CC2=C(C=C1S(=O)(=O)[O-])C(=O)C(=O)N2.[Na+],7.5,-1.5214501752037024
334.37600000000003,COC1=CC=C(C=C1)CCN2C(=O)C3=CC=CC=C3N=C2[S-].[Na+],0.0015,-5.348143839132299
466.3600000000001,C1=CC2=C(C=C1S(=O)(=O)[O-])C(=C(N2)C3=NC4=C(C3=O)C=C(C=C4)S(=O)(=O)[O-])O.[Na+].[Na+],30.0,-1.1916000389089771
195.693,C1CNCC=C1C2=CC=CC=C2.Cl,0.0249,-3.8953759439902433
480.4310000000002,CC1=CC(=C(C=C1)N=NC2=C3C=CC(=CC3=CC(=C2O)S(=O)(=O)[O-])S(=O)(=O)[O-])C.[Na+].[Na+],5.5,-1.9412683331637122
110.548,C(=NN)(N)N.Cl,0.015,-3.867459630809564
316.3830000000001,C1CN(CCN1CC2=CC=CC=C2)C(=N)N.OS(=O)(=O)O,0.0067,-4.674138337091494
337.84700000000004,CC(C1=CC=CC=C1)NCC(COC2=CC=CC(=C2)OC)O.Cl,0.0491,-3.8376385747247346
347.886,CC1=CC(=C(C=C1)OCC(CN2CCC3=CC=CC=C3C2)O)C.Cl,0.0307,-4.054298576279639
320.26000000000005,C1CCN(CC1)CC(COCC2=CC=C(C=C2)Cl)O.Cl,0.0464,-3.8389847187580646
392.3229999999999,CCOC(=O)C1CCN(CC1)CC(COCC2=CC=C(C=C2)Cl)O.Cl,0.0575,-3.8339759247712366
304.821,CC1=CC2=C(C=C1)NC(=C2CCNCC3=CC=CO3)C.Cl,0.0429,-3.8515875913160236
329.787,CCOC(=O)C1=CC=C(C=C1)NC2=NC=NC3=CC=CC=C32.Cl,0.0017,-5.287784610647203
313.83200000000005,CCN(CC)C1=NC(=NC2=CC=CC=C21)C3=CC=CC=C3.Cl,0.0005,-5.797727220175794
294.83,CCN(CC)CCCNC1=NC=NC2=CC=CC=C21.Cl,0.0423,-3.8432313050669564
342.874,CN(C)CCCNC1=NC(=NC2=CC=CC=C21)C3=CC=CC=C3.Cl,0.0441,-3.8906959645166315
312.8,CC1=NC2=CC=CC=C2C(=C1)NC3=CC=CC(=C3)C(=O)C.Cl,0.0278,-4.051221948469734
326.82700000000006,CC1=CC2=C(C=C(N=C2C=C1)C)NC3=CC=CC(=C3)C(=O)C.Cl,0.0469,-3.843145084786185
310.8279999999999,CC1=CC(=CC=C1)NC2=C3CCCC3=NC4=CC=CC=C42.Cl,0.0449,-3.8402737929922437
310.8279999999999,CC1=CC=C(C=C1)NC2=C3CCCC3=NC4=CC=CC=C42.Cl,0.0334,-3.9687736671840024
329.787,CC1=C2C(=CC=C1)C(=CC(=N2)C)NC3=CC(=CC=C3)[N+](=O)[O-].Cl,0.0055,-4.777870842531233
322.795,C1=CC=C2C(=C1)C(=C3C=CC=CC3=N2)NC4=CC(=CC=C4)O.Cl,0.0007,-5.663828758993561
273.723,C1=CC=C2C(=C1)C(=NC=N2)NC3=CC=C(C=C3)O.Cl,0.0137,-4.300590724054999
354.88500000000016,CC1=CC=C(C=C1)C2=NC3=CC=CC=C3C(=N2)N4CCN(CC4)C.Cl,0.049,-3.8598915632894943
369.8960000000001,CC1=C2C(=CC=C1)C(=CC(=N2)C)NC3=CC=C(C=C3)N4CCOCC4.Cl,0.055,-3.8277169454509954
275.714,C1=CC=C2C(=C1)C(=NC=N2)NC3=CC=C(C=C3)F.Cl,0.0368,-3.874611000273671
345.708,C1=CC(=CC(=C1)C(F)(F)F)C(=O)NNC(=O)C2=CC=NC=C2.Cl,0.0418,-3.9175331478560467
283.1939999999999,C1CC2=C(C3=CC=CC=C31)N=C(S2)N.Br,0.0403,-3.846779001624873
379.641,C1=CC=C2C(=C1)C=CC=[N+]2CC3=C(C=CC(=C3)[N+](=O)[O-])Cl.[Br-],0.0569,-3.8242608422922815
307.19100000000003,CC1=CN=C(C=[N+]1CC(=O)C2=CC=CC=C2)C.[Br-],0.027,-4.056044723542955
356.26300000000003,CC1=CC=C(C=C1)C(=O)C[N+]2=CC=CC3=C2C=CC(=C3)C.[Br-],0.0438,-3.9102966101623076
311.853,CCC1(CC(N(CC1C)C)C)OC(=O)C2=CC=CC=C2.Cl,0.0303,-4.012507297781844
235.75800000000004,C1CCN(CC1)CC#CC2=CC=CC=C2.Cl,0.0256,-3.9642264733060286
212.636,CC1=CC(=O)N2C=CC=C(C2=N1)O.Cl,0.0217,-3.99117706010064
276.767,CC1(CC(=CC(=O)C1)NC2=CC=CC=C2C#N)C.Cl,0.0382,-3.8600509433488717
340.87600000000003,CN(C)CCOC(=O)C1=CC2=C(C=C1)NC3=C2CSCC3.Cl,0.0492,-3.8406313222383432
299.80100000000004,CC1=C2C=C(C=CC2=[N+](C=C1)CC3=CC=CC=C3)OC.[Cl-],0.0319,-3.9730423940666793
293.838,COC(CCN1CCCCC1)(C#C)C2=CC=CC=C2.Cl,0.0272,-4.033539055300045
224.735,CC(CCC1=CC=CC=C1)NCC#N.Cl,0.0311,-3.8589103252399326
271.744,C1COCCN1CCOC(=O)C2=CC=CC=C2.Cl,0.0396,-3.836464777888355
327.855,COC1=C(C2=CC=CC=C2C=C1)CNCCC3=CC=CC=C3.Cl,0.042,-3.892432520925821
285.8149999999999,CCC1=CC=C(C=C1)OCC(CN2CCCC2)O.Cl,0.0398,-3.8562019454053442
299.8419999999998,CCCC1=CC=C(C=C1)OCC(CN2CCCC2)O.Cl,0.0372,-3.9063495261576535
299.8419999999998,CC(C)C1=CC=C(C=C1)OCC(CN2CCCC2)O.Cl,0.0438,-3.8354183555354515
306.203,CC1=CC(=C[N+](=C1)CC(=O)C2=CC=CC=C2)C.[Br-],0.0438,-3.844535330845286
348.87699999999995,CC1=[N+](C2=CC=CC=C2N1CC3=CC=CC=C3)CC4=CC=CC=C4.[Cl-],0.0519,-3.827504981326407
326.912,CC12CC3CC(C1)(CC(C3)(C2)C(=O)N4CCN(CC4)C)C.Cl,0.0478,-3.8350029659631457
340.89500000000004,C1CN2CCC1C(C2)OC(=O)NC34CC5CC(C3)CC(C5)C4.Cl,0.0477,-3.8541022523198003
268.744,COC1=CC(=CC=C1)OCCCN2C=CN=C2.Cl,0.0331,-3.909510783162903
351.443,CC1=C(C(=CC=C1)C)OCCCCN2CCCCC2.C(=O)(C(=O)O)O,0.0454,-3.888799044655694
330.903,CC(CCN1CCN(CC1)C2=CC=CC=C2)C3=CC=CC=C3.Cl,0.0297,-4.046944255218101
351.44300000000004,CC1=CC(=C(C=C1)C)OCCCCN2CCCCC2.C(=O)(C(=O)O)O,0.0475,-3.8691612878879313
340.648,CC1=C[N+](=CC=C1)C(C)C(=O)C2=CC=C(C=C2)Cl.[Br-],0.0449,-3.8800595024658007
325.36099999999993,CC1=C(C(=CC=C1)C)OCCN2CCOCC2.C(=O)(C(=O)O)O,0.0421,-3.8880833983709637
351.2,CC1=C(C=C(C=C1)C(=O)C[N+]2=CC=CC=C2C)[N+](=O)[O-].[Br-],0.0483,-3.861607376482553
299.79799999999994,CCOC1=CC=C(C=C1)C(=O)CCN2CCOCC2.Cl,0.0449,-3.824582390271242
333.1310000000001,CC(C(=O)C1=C(C=C(C=C1)Cl)Cl)N2C=NC=N2.[N+](=O)(O)[O-],0.0441,-3.8781764590219088
340.76300000000003,CC1=C(C(=CC=C1)Cl)OCCCN2C=CN=C2.C(=O)(C(=O)O)O,0.0454,-3.875396580161919
382.8470000000001,COC(=O)C1=CC=C(C=C1)NC(=O)C2=CC=[N+](C=C2)CC3=CC=CC=C3.[Cl-],0.0507,-3.8780172889660207
298.81700000000006,C1CCN(CC1)C2=NC3=CC=CC=C3C4=CC=CC=C42.Cl,0.0018,-5.220132796193251
318.829,CC1=C(SC(=N1)NC2=CC=CC3=CC=CC=C32)C(=O)C.Cl,0.0052,-4.787554473377769
297.22099999999995,CC1=CC=C(C=C1)C2=CSC3=NCCN23.Br,0.0432,-3.8375957442154873
345.85200000000003,CN(C)CCCN1C(SCC1=O)C2=CC=C(C=C2)[N+](=O)[O-].Cl,0.0476,-3.8612833387484566
375.9,COC1=CC=CC=C1C(=O)NCCN2CCN(CC2)C3=CC=CC=C3.Cl,0.0527,-3.8532617105012656
337.41599999999994,CC(C)C1=CC=CC=C1OCCCN2CCCC2.C(=O)(C(=O)O)O,0.047,-3.856067814706709
323.38899999999995,CCC1=CC=CC=C1OCCCN2CCCC2.C(=O)(C(=O)O)O,0.0439,-3.8672607231558787
343.85100000000006,CC1CCCN(C1)CC(COCC2=CC3=C(C=C2)OCO3)O.Cl,0.039,-3.9453056846844063
233.698,C1CN=C(C2=CC=CC=C21)C3=CC=CO3.Cl,0.0279,-3.923050792419098
255.78900000000004,CC1(CC(CCO1)NCC2=CC=CC=C2)C.Cl,0.0342,-3.873855758003544
336.259,CC1=CC(=CC(=C1Cl)C)OCC(CN2CCOCC2)O.Cl,0.0452,-3.87153548228244
313.869,CC1CC(CN(C1)CC(COCC2=CC=CC=C2)O)C.Cl,0.0469,-3.8255755810009653
339.3019999999999,CC(C)(C)C1=CC=C(C=C1)C2=CSC3=NCCN23.Br,0.0494,-3.8368594706578216
320.25999999999993,CC1=CC(=CC(=C1Cl)C)OCC(CN2CCCC2)O.Cl,0.0423,-3.879162331937903
348.269,CC1=CC(=NC=C1)NC2=NC(=CS2)C3=CC=CC=C3.Br,0.0004,-5.939854827580148
383.34,CC1=CC(=NC=C1)NC2=NC(=CS2)C3=C(N=C(S3)C)C.Br,0.0036,-5.027281637748496
375.291,CC(=O)C1=CC(=CC=C1)NC2=NC(=CS2)C3=CC=CC=C3.Br,0.0021,-5.252148854818508
333.944,CC1CCN(CC1)CC(COC2CC(CC(C2)(C)C)C)O.Cl,0.0455,-3.8656622482081704
363.86000000000007,C1COC(CN1CCCC(=O)C2=CC=C(C=C2)F)C3=CC=CC=C3.Cl,0.0503,-3.8593663301233234
281.783,CCOC(=O)C1=CCN(CC1)CC2=CC=CC=C2.Cl,0.0378,-3.8724229886916244
333.944,CC1CCN(CC1)CC(COC2CC(CC(C2)(C)C)C)O.Cl,0.0455,-3.8656622482081704
363.86000000000007,C1COC(CN1CCCC(=O)C2=CC=C(C=C2)F)C3=CC=CC=C3.Cl,0.0503,-3.8593663301233234
281.783,CCOC(=O)C1=CCN(CC1)CC2=CC=CC=C2.Cl,0.0378,-3.8724229886916244
343.8550000000001,CN1CCN(CC1)CCC(=O)NC2=C(C=CC(=C2)OC)OC.Cl,0.0442,-3.8909530744565393
271.78799999999995,COC1=CC=C(C=C1)CCNCC2CCCO2.Cl,0.0352,-3.88768761434575
340.854,CC1=CC2=C(C=C1)N=C3CCCC3=C2NC4=CC=C(C=C4)OC.Cl,0.0366,-3.969087309515492
370.8150000000001,C1=CC=C2C(=C1)C(=NC(=N2)NC3=CC=C(C=C3)F)NCC4=CC=CO4.Cl,0.0021,-5.246937998930202
320.21599999999995,CC(CN1CCOCC1)OC(=O)C2=CC(=CC=C2)Cl.Cl,0.0432,-3.8699592813870662
273.735,CN1CCCC(C1)OC(=O)C2=CC=CC=C2F.Cl,0.0397,-3.838539823475152
301.78900000000004,CC(CN1CCCCC1)OC(=O)C2=CC(=CC=C2)F.Cl,0.0424,-3.8523375494022942
364.4640000000001,CCS(=O)(=O)N1CCC(CC1)N2CCC(CC2)C.C(=O)(C(=O)O)O,0.0533,-3.8349274282269317
320.21599999999995,CC(CN1CCOCC1)OC(=O)C2=CC=C(C=C2)Cl.Cl,0.0441,-3.86100443873414
354.6609999999999,CC(CN1CCOCC1)OC(=O)C2=C(C=C(C=C2)Cl)Cl.Cl,0.0489,-3.8605045751447187
367.917,C1CCC(CC1)C(C#CCN(CCO)CCO)(C2=CC=CC=C2)O.Cl,0.053,-3.8414739857367795
345.8260000000001,CC1=CC=C(C=C1)C(=O)C2=COC3=C2C(=C(C=C3)O)CN(C)C.Cl,0.048,-3.8576164040552383
358.3660000000001,C1CN(CCN1)CCOCCOC2=CC=C(C=C2)F.C(=O)(C(=O)O)O,0.051,-3.8467566231264545
345.3950000000001,CC1=CC(=C(C=C1)OCCNCC2=CC=CC=C2)C.C(=O)(C(=O)O)O,0.0458,-3.877450568348223
423.2930000000001,CC1=CC(=C(C(=C1)Cl)OCCOCCN2CCNCC2)Cl.C(=O)(C(=O)O)O,0.0625,-3.830761069257717
352.77400000000006,C=CCC1=C(C=CC(=C1)Cl)OCCN2C=CN=C2.C(=O)(C(=O)O)O,0.0395,-3.950899473824746
346.3830000000001,CC1=CC(=C(C=C1)OCCCN2C=CN=C2)CC=C.C(=O)(C(=O)O)O,0.0291,-4.075663580308122
396.4840000000001,CC1=CC(=C(C=C1)C(C)C)OCCOCCN2CCNCC2.C(=O)(C(=O)O)O,0.0521,-3.8813879428763802
351.3150000000001,CC1=C(C=CC(=C1)OCCCN2C=CN=C2)[N+](=O)[O-].C(=O)(C(=O)O)O,0.0368,-3.979848874466514
269.77199999999993,CC1=CC=CC=C1C(=O)OC2CCCN(C2)C.Cl,0.0399,-3.8300239759777672
299.79799999999994,CC(CN1CCOCC1)OC(=O)CC2=CC=CC=C2.Cl,0.0333,-3.9543844977682454
299.79799999999994,CC1=CC=C(C=C1)C(=O)OC(C)CN2CCOCC2.Cl,0.0389,-3.8868791299488574
299.79799999999994,CC1=CC(=CC=C1)C(=O)OC(C)CN2CCOCC2.Cl,0.0389,-3.8868791299488574
380.41600000000005,C1CCN(C1)C(=O)C2CCCN(C2)CC3=CC=CC=C3F.C(=O)(C(=O)O)O,0.0432,-3.944775027921494
334.85,C1=CC=C(C=C1)CN2C=[N+](C3=CC=CC=C32)CC4=CC=CC=C4.[Cl-],0.0429,-3.8923930110874743
359.4220000000001,CC1=CC(=C(C(=C1)C)OCCNCC2=CC=CC=C2)C.C(=O)(C(=O)O)O,0.0425,-3.9272157264348975
379.84000000000015,CC1=CC(=CC(=C1OCCNCC2=CC=CC=C2)C)Cl.C(=O)(C(=O)O)O,0.0445,-3.931240686293566
322.31700000000006,CC1=NC=CN1CCOC2=CC=C(C=C2)OC.C(=O)(C(=O)O)O,0.0417,-3.8881471571829693
373.4490000000001,C1CCCN(CC1)CCCOC2=CC=CC3=CC=CC=C32.C(=O)(C(=O)O)O,0.0328,-4.056357457136133
349.35800000000006,CN(CCOC1=CC=C(C=C1)F)CC2=CC=CC=C2.C(=O)(C(=O)O)O,0.0346,-4.00419459388439
334.1660000000001,CN(C)CCOC1=CC(=CC=C1)Br.C(=O)(C(=O)O)O,0.0446,-3.874627401436645
301.314,CN(C)CCCCOC1=CC=CC=C1F.C(=O)(C(=O)O)O,0.0172,-4.243490863927752
362.4260000000001,CC1=CC(=C(C=C1)C(C)C)OCCCN2C=CN=C2C.C(=O)(C(=O)O)O,0.0512,-3.849949384903931
325.40500000000003,CCC(C)NCCOC1=CC(=CC(=C1C)C)C.C(=O)(C(=O)O)O,0.0351,-3.9671171053240957
348.39900000000006,CC1=CC(=C(C=C1)C(C)C)OCCN2C=CN=C2C.C(=O)(C(=O)O)O,0.0467,-3.8727600192278797
326.7360000000001,CC1=NC=CN1CCOC2=CC=C(C=C2)Cl.C(=O)(C(=O)O)O,0.045,-3.8609844742048423
318.196,C1CN=C(N1)SCC2=CC=C(C=C2)[N+](=O)[O-].Br,0.0432,-3.867210969071243
334.891,C1C2CC3CC1CC(C2)C3NC(=O)CNCC4=CC=CC=C4.Cl,0.0502,-3.824199759141166
284.8309999999999,CC1=CC(=C(C=C1)C)OCCCN2CCNCC2.Cl,0.0393,-3.860194704239226
287.75,CC1=CC(=C(C=C1)O)NC2=NC=NC3=CC=CC=C32.Cl,0.0045,-4.805802818526486
345.91400000000004,CC1=CC(=C(C=C1)OCCCCN2CCC3=CC=CC=C3C2)C.Cl,0.0048,-4.8577269019724145
352.43100000000004,CC1=C(C(=CC=C1)C)OCCCCN2CCNCC2.C(=O)(C(=O)O)O,0.046,-3.884316270489793
350.37100000000004,COC1=CC=C(C=C1)OCC#CCN2CCNCC2.C(=O)(C(=O)O)O,0.0524,-3.8251968657030067
333.859,COC1=CC=C(C=C1)OCCCN2CCC3=CC=CC=C3C2.Cl,0.0365,-3.961270223759134
359.941,CC1=CC(=C(C=C1)C(C)C)OCCCN2CCC3=CC=CC=C3C2.Cl,0.0031,-5.064869625059806
284.79,CC1=CC(=NC=C1)NCC2=CC=CC3=CC=CC=C32.Cl,0.0158,-4.255867648638675
356.89400000000006,CC(C)(C)C1=CC=C(C=C1)OCC(=O)NCCN2CCOCC2.Cl,0.053,-3.8282633771814476
345.87000000000006,CN1CCC(CC1)OC(=O)C(C2=CC=CC=C2)C3=CC=CC=C3.Cl,0.0431,-3.904435623742942
338.278,CC1=CC(=C(C=C1)Cl)OCCN2CCC3=CC=CC=C3C2.Cl,0.0044,-4.885821077762674
331.887,CC1=CC=C(C=C1)OCCCCN2CCC3=CC=CC=C3C2.Cl,0.0228,-4.163055394444497
331.887,CC1=CC(=C(C=C1)C)OCCCN2CCC3=CC=CC=C3C2.Cl,0.014,-4.374862205766712
363.37,CCC(=O)C1=CC=CC=C1OCCCCN2C=NC=N2.C(=O)(C(=O)O)O,0.0268,-4.132214274864317
406.3530000000001,CC(C)(CO)NCC1=C(C=CC2=CC=CC=C21)OCC3=CC=C(C=C3)Cl.Cl,0.0571,-3.8522673621396333
353.893,CCOC1=CC=CC=C1CNC(C2=CC=CC=C2)C3=CC=CC=C3.Cl,0.0014,-5.402743936703726
364.8290000000001,COC1=CC=CC=C1CCNC(=O)NC2=CC=CC=C2C(=O)OC.Cl,0.0063,-4.762748803337107
291.778,CC(C1=CC=CC=C1)NCC2=CC3=C(C=C2)OCO3.Cl,0.041,-3.8522686863593023
254.761,C1CCN(C1)CC(=O)NCC2=CC=CC=C2.Cl,0.0326,-3.8929153448623968
274.836,CC1CCN(CC1)CC(=O)NC2CCCCC2.Cl,0.0374,-3.8662020169342575
304.181,CN1N=C(N=N1)C(CNCC2=CC=C(C=C2)Cl)O.Cl,0.027,-4.051768319151484
271.7879999999999,CCOC1=CC=CC=C1CNCC2CCCO2.Cl,0.0315,-3.9359197240342807
298.8139999999999,COC1=CC=CC(=C1)NC(=O)CN2CCCCCC2.Cl,0.0441,-3.830962351668534
312.23999999999995,CCOC1=CC=C(C=C1)CNCC2=CC=CC=C2Cl.Cl,0.0316,-3.9948014556547884
327.76400000000007,CC(C)NCC#CCOC1=CC=C(C=C1)Cl.C(=O)(C(=O)O)O,0.0426,-3.8861516519623556
367.82900000000006,CC1CCN(CC1)CC#CCOC2=CC=C(C=C2)Cl.C(=O)(C(=O)O)O,0.0163,-4.353458362051878
361.4380000000001,CC1=CC(=C(C=C1)C(C)C)OCC#CCN2CCCC2.C(=O)(C(=O)O)O,0.0257,-4.148100687103761
339.7750000000001,C1CCN(C1)CC#CCOC2=CC=C(C=C2)Cl.C(=O)(C(=O)O)O,0.0451,-3.877014879266397
355.7740000000001,C1COCCN1CC#CCOC2=CC=C(C=C2)Cl.C(=O)(C(=O)O)O,0.0503,-3.8496062215668605
313.8279999999999,CNCC1=C(C=CC2=CC=CC=C21)OCC3=CC=CC=C3.Cl,0.0449,-3.8444453480978287
335.9189999999999,CC(CC12CC3CC(C1)CC(C3)C2)NCC4=CC=CC=C4O.Cl,0.0385,-3.9407738392685356
260.768,CC(CC1=CNC2=C1C=CC3=CC=CC=C32)N.Cl,0.0339,-3.8860545979208596
307.781,COC(=O)C1=CC(=NC2=CC=CC=C21)N3CCNCC3.Cl,0.0399,-3.887268910679909
330.815,CCC(=O)C1=CC=C(C=C1)OCCN2C=NC3=CC=CC=C32.Cl,0.0437,-3.879103756381478
328.2390000000001,COC1=C(C(=CC(=C1)CNCC2=CC=CC=C2)Cl)OC.Cl,0.0482,-3.8331431426175713
294.742,CC1=C(C=C(C=C1)[N+](=O)[O-])NC2=NC(=CC(=N2)C)C.Cl,0.0054,-4.737048266317336
310.74100000000004,CC1=CC(=NC(=N1)NC2=C(C=C(C=C2)[N+](=O)[O-])OC)C.Cl,0.0005,-5.793428554676972
301.8139999999999,COC1=CC=C(C=C1)OCC(CNC2CCCC2)O.Cl,0.0426,-3.8503297820682225
284.19,CC1=CC(=NC(=N1)NCC2=CC=C(C=C2)Cl)C.Cl,0.0054,-4.721215032201884
263.772,CCC1=CC=C(C=C1)NC2=NC(=CC(=N2)C)C.Cl,0.0184,-4.1564108692967565
295.7849999999999,CCOC1=CC=CC=C1CNCC2=CC=C(C=C2)F.Cl,0.0438,-3.8295020355516116
284.19,CC1=CC(=NC(=N1)NC2=C(C=C(C=C2)Cl)C)C.Cl,0.0212,-4.127272931096101
249.745,CC1=CC(=CC=C1)NC2=NC(=CC(=N2)C)C.Cl,0.0201,-4.094300744806275
316.785,C1CCC(C1)NCC(COC2=CC=CC=C2[N+](=O)[O-])O.Cl,0.0462,-3.836122633688801
329.824,COC(=O)C1=CC=C(C=C1)OCC(CNC2CCCC2)O.Cl,0.0477,-3.8397638753257954
299.8419999999999,CC1=CC(=C(C=C1)OCC(CNC2CCCC2)O)C.Cl,0.0413,-3.86094241438315
270.163,CC1=CC(=NC(=N1)NC2=CC(=CC=C2)Cl)C.Cl,0.0059,-4.660773858594819
303.715,CC1=CC(=NC(=N1)NC2=CC=CC(=C2)C(F)(F)F)C.Cl,0.0018,-5.22719373645723
289.778,C1CCC(C1)NCC(COC2=CC=C(C=C2)F)O.Cl,0.0366,-3.898584325273935
344.84600000000006,CC1=C(C=C(C=C1)NC2=NC3=CC=CC=C3C(=N2)NCCO)C.Cl,0.0309,-4.047666713382356
337.2100000000001,COC1=C(C=C(C=C1)Cl)NC2=NC3=CC=CC=C3C(=N2)N.Cl,0.0053,-4.803624575593977
291.807,CC1=CC2=C(N=CN=C2S1)NCC3=CC=CC=C3.Cl,0.0417,-3.844959650763627
321.211,CC1=C(C=C(C=C1)NC2=NC3=CC=CC=C3C(=N2)N)Cl.Cl,0.0221,-4.1623981357655575
316.792,CC1=CC(=C(C=C1)OC)NC2=NC3=CC=CC=C3C(=N2)N.Cl,0.0471,-3.827753298617713
283.8279999999999,CC1=CC2=C(N=CN=C2S1)NC3CCCCC3.Cl,0.015,-4.276963977892629
297.855,CC1CCCN(C1)C2=C3C(=C(SC3=NC=N2)C)C.Cl,0.011,-4.432612209705322
301.81699999999995,CC(C(C1=CC=CC=C1)O)NCC#CC2=CC=CC=C2.Cl,0.0448,-3.8284656839936555
337.8550000000001,CCN1CCN(CC1)C2=NC3=CC=CC=C3C(=N2)NCCO.Cl,0.048,-3.8474891131647952
277.78000000000003,CC1=CC2=C(N=CN=C2S1)NC3=CC=CC=C3.Cl,0.013,-4.329757621267834
305.834,CC1=CC2=C(N=CN=C2S1)NCCC3=CC=CC=C3.Cl,0.0087,-4.545966512275783
343.254,CCOC1=C(C=C(C=C1Cl)CNCC2=CC=NC=C2)OC.Cl,0.0461,-3.8719146814595837
300.79299999999995,CC1=C(C=C(C=C1)NC2=NC3=CC=CC=C3C(=N2)N)C.Cl,0.0059,-4.70741571357285
357.2810000000001,CCOC1=C(C(=CC(=C1)CNCC2=CC=CC=N2)Cl)OCC.Cl,0.0355,-4.002781568228343
310.89399999999995,CCN(CC)C1=CC=C(C=C1)CNCC2=CC=CS2.Cl,0.0442,-3.847190071246574
367.3200000000001,CC(CNCCCOC1=CC=CC(=C1)C(F)(F)F)O.C(=O)(C(=O)O)O,0.0517,-3.851554032551017
377.39300000000014,CC(CNCCOC1=CC(=CC=C1)OC2=CC=CC=C2)O.C(=O)(C(=O)O)O,0.0456,-3.9178289978132135
299.323,CC1=CC=CC=C1OCCNCC(C)O.C(=O)(C(=O)O)O,0.027,-4.044776325181387
339.866,C1=CC=C(C=C1)C2=CC=C(C=C2)CNCC(C3=CC=CC=C3)O.Cl,0.0016,-5.3271877375289245
346.696,CC1CCCN(C1)CCC(=O)C2=CC=C(C=C2)Br.Cl,0.0338,-4.011032130741451
332.658,C1=CC=C(C=C1)C(CNCC2=CC(=C(C=C2)Cl)Cl)O.Cl,0.0477,-3.843479593095112
342.69400000000013,CCOCCCNCC1=C(C(=CC(=C1)Cl)Cl)OCC.Cl,0.044,-3.8914538242386825
287.79,C1=CC=C(C=C1)C#CCNCC(C2=CC=CC=C2)O.Cl,0.0359,-3.903981250611317
342.664,C1=CC=C(C=C1)C(CNCC2=CC(=CC=C2)Br)O.Cl,0.0481,-3.8527234038290175
350.728,CC(C)COC1=C(C=C(C=C1)Br)CNC(C)(C)C.Cl,0.0507,-3.8399624793741722
343.254,CCOC1=C(C=C(C=C1Cl)CNCC2=CC=CC=N2)OC.Cl,0.0452,-3.8804771720378497
318.801,C1C(C(=O)N(C1=O)CC2=CC=C(C=C2)F)SCCN.Cl,0.0379,-3.9248804650326674
285.81499999999994,CC1=CC=CC=C1OCC(CNC2CCCC2)O.Cl,0.0382,-3.874021654567324
345.936,CC1CN(CC(O1)C)CCOCCSC2=CC=C(C=C2)C.Cl,0.0425,-3.910606829384718
327.896,CCOC1=C(C=C(C=C1)CNC2CCCCCCC2)OC.Cl,0.0371,-3.946362209132625
315.9099999999999,CC1CN(CC(O1)C)CCCCSC2=CC=CC=C2.Cl,0.0418,-3.8783870917593672
286.8719999999999,CC1=CC=C(C=C1)SCCN2CCN(CC2)C.Cl,0.0355,-3.907459808160854
346.902,CN1CCN(CC1)CCOC2=CC=C(C=C2)CC3=CC=CC=C3.Cl,0.0404,-3.9338254385840346
303.855,C1COCCN1CCOCCSC2=CC=CC=C2.Cl,0.0434,-3.8451766576396196
287.856,C1COCCN1CCCCSC2=CC=CC=C2.Cl,0.0382,-3.877111923301658
319.83200000000005,C1COCCN1CCOC2=CC=C(C=C2)C3=CC=CC=C3.Cl,0.0298,-4.030705649768487
314.816,C1=CC=C(C=C1)CC2=CC=C(C=C2)OCCN3C=CN=C3.Cl,0.0413,-3.8821067448868174
283.824,CC1=CC=C(C=C1)SCCNCC2=CC=CO2.Cl,0.0279,-4.007444913101096
333.859,C1COCCN1CCOC2=CC=C(C=C2)CC3=CC=CC=C3.Cl,0.0422,-3.898250637253935
330.81199999999995,COC1=C(C=CC(=C1)CNCC2CCCO2)OCC(=O)N.Cl,0.049,-3.8293851749005414
598.0920000000004,CN(C)CCOC1=CC=C(C=C1)/C(=C(/CCCl)\C2=CC=CC=C2)/C3=CC=CC=C3.C(C(=O)O)C(CC(=O)O)(C(=O)O)O,0.0044,-5.133315316898848
303.833,C1CN(CCC1(C2=CC=CC=C2)O)CC3=CC=CC=C3.Cl,0.0376,-3.9074470968821027
317.86,CN(C)CCC(=O)C(CC1=CC=CC=C1)C2=CC=CC=C2.Cl,0.0447,-3.851928355923836
334.891,C1CCN(CC1)CC(=O)NC2CCC3=C2C=C4CCCC4=C3.Cl,0.0456,-3.86593863362175
336.229,CC1=CC=C(C=C1)C2CC3=CC(=C(C=C3CN2)O)O.Br,0.0443,-3.8802314427162403
296.8229999999999,CCCOC1=CC=C(C=C1)C2=CSC3=NCCN23.Cl,0.0374,-3.8996259479983975
378.741,CN1CCC(=C(C2=CC=CC=C2)C3=CC=C(C=C3)Br)CC1.Cl,0.0531,-3.8532478004374013
324.896,CC1=CC(=C(C(=C1)C)NC(=O)C(C)N2CCCCCC2)C.Cl,0.0366,-3.9482632791096326
412.31400000000014,CC1=NC2=C(O1)C3=CC=CC=C3C=C2.C1=C(C=C(C(=C1[N+](=O)[O-])O)[N+](=O)[O-])[N+](=O)[O-],0.0247,-4.222531128132818
249.179,C1=CC2=C(C=C1S(=O)(=O)[O-])C(=O)C(=O)N2.[Na+],7.5,-1.5214501752037024
334.37600000000003,COC1=CC=C(C=C1)CCN2C(=O)C3=CC=CC=C3N=C2[S-].[Na+],0.0015,-5.348143839132299
473.5070000000001,CN(CCOC1=CC=C(C=C1)CC2C(=O)NC(=O)S2)C3=CC=CC=N3.C(=C\C(=O)O)\C(=O)O,0.0682,-3.8415420290395232
390.8670000000001,CN(C)CCC(C1=CC=C(C=C1)Cl)C2=CC=CC=N2.C(=C\C(=O)O)\C(=O)O,30.0,-1.1149077507781189
390.8670000000001,C[NH+](C)CCC(C1=CC=C(C=C1)Cl)C2=CC=CC=N2.C(=C\C(=O)[O-])\C(=O)O,30.0,-1.1149077507781189
452.38000000000017,C1=CC=C(C=C1)NC2=C(C=C(C=C2)NC3=C(C=C(C=C3)[N+](=O)[O-])[N+](=O)[O-])S(=O)(=O)[O-].[Na+],5.5,-1.91514070675555
340.2939999999999,CC(COC1=CC=CC=C1)N(CCCl)CC2=CC=CC=C2.Cl,0.0458,-3.870988813760575
362.304,C1CCN(C1)CC2=NC3=CC=CC=C3N2CC4=CC=C(C=C4)Cl.Cl,0.0495,-3.864467929934912
364.89500000000015,CCN(CC)CCNC(=O)C1=C(C=CC(=C1)S(=O)(=O)C)OC.Cl,0.0525,-3.8420086090480674
313.656,CC(C)(C)NCC(C1=CC(=C(C(=C1)Cl)N)Cl)O.Cl,0.0465,-3.829000646784987
292.835,CC1=CC(=NC(=N1)SC/C=C/C2=CC=CC=C2)C.Cl,0.0054,-4.73422922307722
325.88000000000005,CC(C)(C)C1=CC=C(C=C1)C(=O)OCCN2CCCCC2.Cl,0.046,-3.850299875957031
679.796,C[C@@]1(C(=O)N2[C@H](C(=O)N3CCC[C@H]3[C@@]2(O1)O)CC4=CC=CC=C4)NC(=O)[C@@H]5CC6[C@@H](CC7=CNC8=CC=CC6=C78)N(C5)C.CS(=O)(=O)O,0.0629,-4.0337279593692354
390.8670000000001,CN(C)CCC(C1=CC=C(C=C1)Cl)C2=CC=CC=N2.C(=C/C(=O)O)\C(=O)O,30.0,-1.1149077507781189
388.3099999999999,CN(C)CC/C=C\1/C2=CC(=C(C=C2SC3=C1C=C(C=C3)Cl)F)F.Cl,0.0218,-4.25072208130636
370.32,CN(C)CC/C=C\1/C2=C(C=C(C=C2)F)SC3=C1C=C(C=C3)Cl.Cl,0.0261,-4.151936660436474
370.32,CN(C)CC/C=C/1\C2=CC=CC=C2SC3=CC(=C(C=C31)Cl)F.Cl,0.043,-3.935108712195168
281.312,CNC1=C2CCCCC2=NN1C.C(=C\C(=O)O)\C(=O)O,0.0364,-3.888086874725268
353.89399999999995,CCOC(=O)N1CCC(CC1)N2CCN(CC2)C3=CC=CC=C3.Cl,0.0511,-3.8404522994370187
328.7989999999999,C1=CC=C(C=C1)OC2=CC(=CC(=C2)N)OC3=CC=C(C=C3)N.Cl,0.0301,-4.038363992425197
295.854,C1CCC(CC1)(CC2=CC=C(C=C2)O)N3CCCC3.Cl,0.0405,-3.863622422178602
322.8400000000001,CCN(CC)C1=NC(=NC2=CC=CC=C21)N3CCOCC3.Cl,0.0428,-3.877543569623746
327.83700000000005,C1=CC(=CN=C1)CNCCC2=CC=C(C=C2)S(=O)(=O)N.Cl,0.0405,-3.908202943680034
321.833,CCC1=CC2=C(N=C(N=C2S1)C)NC3=CC=C(C=C3)O.Cl,0.0134,-4.380525775217679
335.8830000000001,CCN(CC)C1=NC(=NC2=CC=CC=C21)N3CCN(CC3)C.Cl,0.0501,-3.8263502976438835
253.77300000000005,C1CC(OC1)CNC/C=C/C2=CC=CC=C2.Cl,0.038,-3.8246618171435447
273.8289999999999,CSC1=CC=C(C=C1)CNCC2CCCO2.Cl,0.0371,-3.868105530797374
327.877,CC1=C(SC=C1)CNCCC2=CC(=C(C=C2)OC)OC.Cl,0.036,-3.9594084519697113
269.175,C1=CC=C(C(=C1)CNCC2=CC=NC=C2)Cl.Cl,0.0389,-3.840085120399232
343.92,CCOC(=O)C1CCCN(C1)CCSC2=CC=C(C=C2)C.Cl,0.0413,-3.9205073804525497
311.878,CC(C)(C)NCC1=CC=C(C=C1)OCC2=CC=CS2.Cl,0.0368,-3.9281369218560456
318.77899999999994,C1=CC=NC(=C1)CNCC2=CC=C(O2)C3=CC=C(C=C3)F.Cl,0.0339,-3.973290005723892
427.74500000000006,C1CN(CCN1CCC(=O)C2=CC=C(C=C2)Br)C3=CC=CC=C3F.Cl,0.0423,-4.004844574309514
303.789,CN1CCC2=C3[C@@H]1CC4=C(C3=CC=C2)C(=C(C=C4)O)O.Cl,0.0125,-4.385662031285695
321.80400000000003,CN1CCC2=C3[C@H]1CC4=C(C3=CC=C2)C(=C(C=C4)O)O.O.Cl,0.0218,-4.169134944440355
397.99000000000007,CC(C)(C)[C@@]1(CCN2C[C@H]3C4=CC=CC=C4CCC5=C3C(=CC=C5)[C@@H]2C1)O.Cl,0.0593,-3.8268174666506827
361.3470000000001,CC(C)NC[C@H](C1=CC(=C(C=C1)O)O)O.C(C(C(=O)O)O)(C(=O)O)O,0.0493,-3.8650775341621437
390.7120000000001,CC1=CC(=CC=C1)N2CCC3=C(C4=C(C=CC(=C4)Br)N=C32)N.Cl,0.0006,-5.813705499601701
433.33,CC(C)CCOC1=CC=C(C=C1)C(=O)C[N+]2(CCOCC2)C.[I-],0.0384,-4.0524875324800105
247.67800000000005,COC(=O)C(CC1=CC(=C(C=C1)O)O)N.Cl,0.0244,-4.006497605750024
388.3099999999999,CN(C)CC/C=C\1/C2=CC(=C(C=C2SC3=C1C=C(C=C3)Cl)F)F.Cl,0.0218,-4.25072208130636
370.32,CN(C)CC/C=C\1/C2=C(C=C(C=C2)F)SC3=C1C=C(C=C3)Cl.Cl,0.0261,-4.151936660436474
370.32,CN(C)CC/C=C/1\C2=CC=CC=C2SC3=CC(=C(C=C31)Cl)F.Cl,0.043,-3.935108712195168
281.312,CNC1=C2CCCCC2=NN1C.C(=C\C(=O)O)\C(=O)O,0.0364,-3.888086874725268
228.723,COC1=CC=CC=C1N2CCNCC2.Cl,0.0282,-3.90906073040562
298.20500000000004,CC1=C[N+](=CS1)CC(=O)C2=CC=CC=C2.[Br-],0.0443,-3.8281111947658206
409.0730000000001,CC(=O)[O-].C1=CC=C(C=C1)[Sn+](C2=CC=CC=C2)C3=CC=CC=C3,0.009,-4.657558306314302
302.802,COC1=C(C(=C(C=C1)CN2CCNCC2)OC)OC.Cl,0.0403,-3.875853693201111
354.19100000000003,C[N+]1=CC=C(C=C1)C(=O)NCC2=CC=CC=C2.[I-],0.0393,-3.954844971187844
470.9880000000001,C1CN(CCN1CC/C=C\2/C3=CC=CC=C3SC4=C2C=C(C=C4)C(F)(F)F)CCO.Cl,0.0601,-3.894135370157637
300.199,C1=CC=C(C=C1)C[N+]2=CC3=CC=CC=C3C=C2.[Br-],0.0439,-3.8349447209789034
463.31500000000005,CC1(C2=C(C=CC(=C2)C(=O)OC)[N+](=C1/C=C/C3=CC=C(C=C3)O)C)C.[I-],0.0416,-4.046783030253671
313.066,CCN(CCCl)CC1=CC=CC=C1Br.Cl,0.0421,-3.871353808529332
374.278,C=CCN1CCC2=C3[C@H]1CC4=C(C3=CC=C2)C(=C(C=C4)O)O.Br,0.0279,-4.127590096832003
348.269,CC1=CC=C(C=C1)C2=[N+](SC(=N2)N)C3=CC=CC=C3.[Br-],0.021,-4.219695524174191
362.296,CC1=CC=C(C=C1)[N+]2=C(N=C(S2)NC)C3=CC=CC=C3.[Br-],0.0421,-3.9347814433119863
336.273,CC[N+](CC)(CC#CCO)CC#CC1=CC=CC=C1.[Br-],0.0442,-3.8812697290337916
306.19199999999995,C1=CC=C2C(=C1)C=CN=C2C(C3=CC=C(C=C3)Cl)O.Cl,0.0311,-3.99323345049921
197.669,C1CN(C2=CC=CC=C21)C(=N)N.Cl,0.0281,-3.847232245288307
293.71000000000004,C1=CC=[N+](C=C1)CC(=O)NC2=CC=CC=C2[N+](=O)[O-].[Cl-],0.034,-3.936439816238753
367.855,CCCOC1=C(C=C(C=C1)CCCN=C(N)N)Cl.OS(=O)(=O)O,0.0422,-3.9403642125231424
193.674,CC(C(=O)O)N1CCCCC1.Cl,0.0243,-3.9014650486467324
223.70300000000003,CC1CNCC2=C1OC3=CC=CC=C23.Cl,0.0316,-3.8499847256834534
351.968,CN(C)CCSC1C2=CC=CC=C2CSC3=CC=CC=C13.Cl,0.0516,-3.8338534787396688
348.265,CC1=[N+](C2=CC=CC=C2S1)CC(=O)C3=CC=CC=C3.[Br-],0.0426,-3.912500231741843
249.766,CC1=CC2=C(C(=N1)C)SC3=CC=CC=C32.Cl,0.0037,-4.829331594609358
212.602,C1=CC=C(C(=C1)C(F)(F)F)NN.Cl,0.0157,-4.13166769331369
321.878,CC(C)C(C1=NN=NN1CCOC)N2CCSCC2.Cl,0.0445,-3.8593312831787006
317.86499999999995,CC1CCCN(C1)C(C2=NN=NN2CCOC)C(C)C.Cl,0.0458,-3.8413772325353577
279.797,COCCN1C(=NN=N1)CN2CCSCC2.Cl,0.0283,-3.995056618125334
255.789,C1CCC(CC1)C2=CC=C(C=C2)OCCN.Cl,0.0305,-3.923582024712893
188.658,COC1=CC=CC=C1CNN.Cl,0.0175,-4.03263717740089
280.7989999999999,CC1=CC=CC=C1OCCCC2=C(NN=C2C)C.Cl,0.025,-4.050455548150206
310.81,CSC1=NN=C(O1)[C@H](CC2=CNC3=CC=CC=C32)N.Cl,0.0422,-3.8671825323813382
357.84100000000007,CCC(=O)OCCNC1=NC(=NC2=CC=CC=C21)C3=CC=CC=C3.Cl,0.0053,-4.829414229217609
177.635,CCCC[N+]1=CC(=N)O[N-]1.Cl,0.0217,-3.913068806475164
285.21000000000004,CC1=CSC(=[N+]1C)NC2=CC=CC=C2.[Br-],0.0302,-3.975157805672475
288.778,CN1C2=CC=CC=C2N=C1CC3=CC=C(C=C3)OC.Cl,0.0423,-3.834223736887734
164.68,CC(C)N1CCNCC1.Cl,0.0231,-3.853028878433304
286.806,CCC1=NC2=CC=CC=C2N1CCC3=CC=CC=C3.Cl,0.0376,-3.8824003876316815
426.301,CN1C=C/C(=C\C2=CC=[N+](C3=CC=CC=C23)C)/C4=CC=CC=C41.[I-],0.0401,-4.026571978778938
203.67300000000003,C1CCC(CC1)[N+]2=CC(=N)O[N-]2.Cl,0.0249,-3.912734113282901
329.2709999999999,CC1=CC(=CC(=C1Cl)C)OCCCCCN2C=CN=C2.Cl,0.0231,-4.153941502734186
289.206,C1CCN(CC1)CC(=O)NC2=CC(=CC=C2)Cl.Cl,0.0336,-3.934868021398144
347.246,CC1=[N+](C2=C(S1)C3=C(C=C2)SC=C3)C.[I-],0.0363,-3.9807306266725098
352.891,C1CCN(CC1)CCC2=NN=C(S2)NC(=O)C3=CC=CC=C3.Cl,0.0468,-3.8773947293431443
312.32500000000005,CCC1=NC(=C2N1C=CC=C2)C3=CC=CC=C3.C(=O)(C(=O)O)O,0.0381,-3.9136817729718003
355.6629999999999,CN(C)C1=CC=[N+](C=C1)CC(=O)C2=CC=C(C=C2)Br.[Cl-],0.0528,-3.8284047648852164
363.264,CCCC[N+]1=C(SC2=C1C=CC(=C2)OC)C.[I-],0.0319,-4.056431677712142
263.768,CC(C)(C)C1=CC=C(C=C1)C2=C(C=CC=N2)O.Cl,0.0106,-4.3959162410843335
268.792,CCN(CC)CCN1C2=CC=CC=C2N=C1N.Cl,0.0447,-3.7791088156264956
297.8949999999999,CC1=C(SC=C1)CNC2C3CC4CC(C3)CC2C4.Cl,0.0399,-3.873090318200894
261.796,CC1C2=C(CC(N1)(C)C)C3=CC=CC=C3C=C2.Cl,0.0376,-3.8427751617209998
210.10800000000003,CC1=C(C(=NN1CCN)C)Cl.Cl,0.0234,-3.953226731358067
211.696,CCN1C(=NC2=C1C=CC(=C2)N)C.Cl,0.0343,-3.7904185320515613
375.8820000000001,CN1C(=NN=N1)SCCNCC2=C(C(=C(C=C2)OC)OC)OC.Cl,0.0357,-4.022383312879496
267.825,CCC1=CC=C(C=C1)CNCC2=CC=CS2.Cl,0.0239,-4.049453212636344
297.8949999999999,CC1=C(SC=C1)CNC23CC4CC(C2)CC(C4)C3.Cl,0.0381,-3.893138238212023
375.8820000000001,CN1C(=NN=N1)SCCNCC2=CC(=C(C=C2OC)OC)OC.Cl,0.0331,-4.05522353521597
267.80400000000003,CCN(CC)CCN1C(=NC2=CC=CC=C21)C.Cl,0.0406,-3.819291025898475
291.303,CC1=C(C=C(C=C1)NCC2=CC=CO2)C.C(=O)(C(=O)O)O,0.0047,-4.792247099320638
334.641,C1COCCN1CCC(=O)C2=CC=C(C=C2)Br.Cl,0.0458,-3.863713671362851
279.811,C1CCN(CC1)CC#CCOCC2=CC=CC=C2.Cl,0.039,-3.855800176558179
329.225,CC1=CC([N+](C2=CC=CC=C12)(C)C)(C)C.[I-],0.041,-3.9047089496194194
341.83900000000006,CC(=O)NC1=CC=C(C=C1)CNC(=O)C[N+]2(CCOCC2)C.[Cl-],0.0462,-3.8691796337898823
297.826,CC(=O)OC1(CCN(CC1(C)C)C)C2=CC=CC=C2.Cl,0.0442,-3.8285403393244137
352.81199999999984,C1CN(CC2=CC=CC=C21)CCC(=O)NC3=CC(=C(C=C3)F)F.Cl,0.0379,-3.9689041381616454
278.739,C1=CC=C(C=C1)CNCC2=CC(=CC=C2)[N+](=O)[O-].Cl,0.0402,-3.840971684555378
250.76999999999992,COCCNC(=O)CN1CCCCCC1.Cl,0.0348,-3.8576963360041403
316.83200000000005,CC1=CC=CC=C1C(=O)NC2=CC=C(C=C2)N3CCCC3.Cl,0.0078,-4.608734436141048
283.8279999999999,CCC1=CC2=C(N=CN=C2S1)NC3CCCC3.Cl,0.0308,-3.9645045204478664
290.835,CCC1CCCCN1C(=O)CNCC2CCCO2.Cl,0.0274,-4.025896106877628
333.888,CC1=CC2=NC(=C(N2C=C1)NC3CCCC3)C4=CC=CS4.Cl,0.0147,-4.356283475958086
330.20699999999994,C1COC2=C(O1)C=CC(=C2)C3=NN=C(SC3)N.Br,0.0325,-4.006902914577671
244.741,CC1CCCN(C1)C2=C(C=C(C=C2)F)N.Cl,0.0038,-4.808923133593998
315.7970000000001,CC(C)(C)N(C)CCOC(=O)C1=CC2=C(C=C1)OCO2.Cl,0.0417,-3.8792719450188655
310.833,CC1CCC2=C(N3C(=NC=N3)N=C2C1)NCCN(C)C.Cl,0.0399,-3.891554224342717
347.665,CN1C=CN=C1SCC(=O)C2=CC=C(C=C2)Cl.Br,0.0489,-3.851852112629639
299.263,CN(C)C1=NCC(S1)CSC(=N)N.Br,0.0325,-3.964169664283819
278.827,C1C2CC3CC1CC(C2)C3NCC4=CC=NC=C4.Cl,0.0337,-3.917704925166026
327.167,C1COC2=C(O1)C=CC(=C2)C(=O)NC3=C(C=CC=N3)Cl.Cl,0.037,-3.946567767629511
287.7939999999999,C1=CC=C2C(=C1)C(=CN2)CCNCC3=CN=CC=C3.Cl,0.0385,-3.873621005908437
309.797,CC1CN(CC(O1)C)CC2=NN=C(O2)C3=CC=CC=C3.Cl,0.0463,-3.82549621682178
332.4000000000001,C1C2CC3CC1CC(C2)(C3)NCC4=CC=CC=N4.C(=O)(C(=O)O)O,0.0458,-3.860795537108204
191.618,CC(C)(C(=O)O)N1C=NC=N1.Cl,0.0183,-4.019985213203622
330.38400000000007,CC1=CC=CC=C1CN(C)CCC2=CC=CC=N2.C(=O)(C(=O)O)O,0.0256,-4.110779041617471
334.25699999999995,CC#CC[N+](C)(CC#CC)CC(=O)C1=CC=CC=C1.[Br-],0.03,-4.046959256291519
291.7779999999999,C[N+](C)(CC#CC1=CC=CC=C1)CC(=O)OCC#C.[Cl-],0.0431,-3.8305752729183062
275.05400000000003,[B-](F)(F)(F)F.CC[N+]1=C(C=C(O1)C2=CC=CC=C2)C,0.0374,-3.866546362901687
369.977,CCCCCC(CCN1CCCCC1)(C2=CC=C(C=C2)OCC)O.Cl,0.0535,-3.8398209445226352
281.831,CCN(CC)C(=N)N1C(CCC2=CC=CC=C21)C.Cl,0.0408,-3.839328598531128
325.87999999999994,CCOC(=O)C1CCC(CC1)CNCC2=CC=CC=C2C.Cl,0.0443,-3.8666539814155354
260.17499999999995,C[N+]1(C2CCC1CC(C2)O)CC#C.[Br-],0.0337,-3.8876356623624213
383.87600000000015,CN(C)CCCN(C1=NC2=C(S1)C=C(C=C2)F)C(=O)C3=CC=CO3.Cl,0.055,-3.8438282712988974
351.874,CC1=CC=CC=C1OCC(CN(CCO)CC2=CC=CC=C2)O.Cl,0.0404,-3.9400058128536295
324.73899999999986,C1=CC(=CN=C1)C(=O)NCCOC(=O)C2=CC=C(C=C2)F.Cl,0.0484,-3.8266890873378796
289.19800000000004,C1CC(=N)N(C1)CC(=O)C2=CC=CS2.Br,0.039,-3.870130678165955
340.92,C1C2CC3CC1CC(C2)(C3)NC(=O)CNCC4=CC=CS4.Cl,0.0481,-3.850507403396729
264.207,C[N+]12CCCCC1[C@H](CCC2)CO.[Br-],0.0391,-3.829767562397027
330.222,C[N+]1(C2CCC1CC(C2)OC(=O)C3=CC=CO3)C.[Br-],0.0485,-3.8330642647894604
256.733,C1CN(CCC1C(=O)O)CC2=CC=CC=N2.Cl,0.0344,-3.8729232531228064
280.7989999999999,C1CCN(C1)CC(=O)NC2=CC3=C(CCC3)C=C2.Cl,0.0413,-3.8324455051658424
328.718,COCCNCC(=O)NC1=CC=C(C=C1)OC(F)(F)F.Cl,0.0488,-3.828403663906233
326.8930000000001,CN1CCCN(CC1)C(=O)/C=C/C2=CC=C(C=C2)SC.Cl,0.0441,-3.8699670313452543
320.24100000000004,CCOC1=C(C=C(C=C1)C2=NC(=CS2)CCl)OC.Cl,0.0272,-4.070908029213874
338.838,C1=CC=C(C=C1)CNC(=O)C2=CC=[N+](C=C2)CC3=CC=CC=C3.[Cl-],0.0497,-3.8336357209090384
255.748,CC1=CC=[N+](C2=CC=CC=C12)C3=CC=CC=C3.[Cl-],0.0173,-4.16976614299984
300.745,C1=CC=C2C(=C1)C=CC=[N+]2CC3=CC=C(C=C3)[N+](=O)[O-].[Cl-],0.041,-3.8654145590412403
325.2749999999999,CC1=CC=CC=C1N=C2N(C(=CS2)C)CC=C.Br,0.0109,-4.474824187599838
312.86600000000004,CC1=CC(=C(C=C1C)C2=CSC(=N2)NCCOC)C.Cl,0.0354,-3.9463551077209584
331.84,CCCN(CCC)CC(COC1=CC2=C(C=C1)OCO2)O.Cl,0.0455,-3.8629173380518345
363.97,CC1CN(CC(O1)C)CC(COC2CCC(CC2)C(C)(C)C)O.Cl,0.0488,-3.8726457666700016
299.8419999999998,CC1=C(C(=CC=C1)C)OCC(CN2CCCCC2)O.Cl,0.0434,-3.83940273652704
398.273,CCN(CC)P(C1=[N+](C=CN1C)C)N(CC)CC.[I-],0.0469,-3.929008022698841
233.142,C1CCN(C1)C2=C(C=C(C=C2)Cl)N.Cl,0.0106,-4.3423146524649905
276.188,COC1=CC=CC(=C1)C2=NC(=CS2)CCl.Cl,0.0224,-4.090956786802735
300.185,CCOC1=CC=C(C=C1)OC2=C(C=C(C=C2)Cl)N.Cl,0.0045,-4.824176473332488
318.833,C1CC2=C(C1)SC3=NC=NC(=C23)NCC4=CN=CC=C4.Cl,0.0075,-4.628502002206256
306.214,COC1=C(C=C(C=C1)C2=NC(=CS2)CCl)OC.Cl,0.0418,-3.86484876083722
341.30400000000003,CC(C)(CNS(=O)(=O)C1=CC=C(C=C1)Cl)CN(C)C.Cl,0.0494,-3.839414429210685
382.245,C=CCN1C2=[N+](CCCCC2)C3=CC=CC=C3C1=O.[I-],0.0416,-3.9632484826554917
300.185,CCOC(=O)C1=C(C2=CC=CC=C2N=C1CCl)C.Cl,0.0304,-3.994515403499078
320.22,CCN(CC)C1=CC=C(C=C1)C(=O)NNC(=O)CCl.Cl,0.0356,-3.953998455214356
265.73999999999995,CCOC(=O)C1=NC2=CC=CC=C2C(=C1C)C.Cl,0.0253,-4.0213364094925845
284.6649999999999,CNCC(=O)NC1=CC=C(C=C1)OC(F)(F)F.Cl,0.0414,-3.8373337321332603
342.266,C1=CC=C(C=C1)CNCC(COCC2=CC=C(C=C2)Cl)O.Cl,0.0342,-4.000337653304433
261.196,C1CCCN(CC1)C2=C(C=C(C=C2)Cl)N.Cl,0.0124,-4.323544836632114
303.2329999999999,CC(C1=CC=CC=C1)N2CCN(CC2)C(=O)CCl.Cl,0.0433,-3.8452885662334118
290.215,CCOC1=CC=C(C=C1)C2=NC(=CS2)CCl.Cl,0.0085,-4.53330092983358
368.905,CCOC1=CC2=C(C=C1)OC(=C2C)C(=O)NCC(C)(C)CN(C)C.Cl,0.0484,-3.8820691798867926
275.77899999999994,CC1=C2C(=NC3=CC=CC=C13)CC(CC2=O)(C)C.Cl,0.0368,-3.874713373799552
342.237,C1CC(=NC1)NC2=NC(=CS2)C3=CC=C(C=C3)F.Br,0.043,-3.9008585047019917
261.778,CN1CCN(CC1)NC(=O)C2=CC=CS2.Cl,0.0391,-3.825756387950753
348.4240000000001,CN1C2=CC=CC=C2[N+](=C1CC3=CC=CC=C3)C.COS(=O)(=O)[O-],0.0507,-3.8371001029281757
390.144,CC1=CSC(=[N+]1CC=C)NC2=CC(=CC=C2)Br.[Br-],0.0033,-5.0727109924375435
306.214,COC1=CC=CC(=C1OC)C2=NC(=CS2)CCl.Cl,0.0324,-3.975480032405643
288.819,CCN(CC)CC(=O)NC1=C(C=CC=C1C)C.O.Cl,0.0401,-3.8574813873429803
181.711,C(CCNCCCN)CN.Cl,0.0164,-4.044537370370415
594.1520000000002,CC1=C(SC=[N+]1CC(=O)C2=CC=C(C=C2)Br)CCOC(=O)C3=C(C=C(C=C3)Cl)Cl.[Br-],0.0406,-4.165371529782136
239.75000000000009,C1CCC(=NCC1)NNC2=CC=CC=C2.Cl,0.029,-3.9173606179437455
274.187,C1CSC(=N1)NNC2=CC=CC=C2.Br,0.0172,-4.202518412874518
440.5430000000001,CCN(CC)C1=CC=C(C=C1)NC(=O)CSC(=O)C2=CC=CC=C2.OS(=O)(=O)O,0.0041,-5.031204448199285
505.8440000000001,C1COCCN1CCCNC(=O)C2=CN(N=C2C3=CC=C(C=C3)Br)C4=CC=CC=C4.Cl,0.01,-4.704016603035471
494.0570000000002,CC1=C(C=C(C=C1)S(=O)(=O)N2CCCCC2)C(=O)N3CCN(CC3)C4=CC=CC=C4OC.Cl,0.0681,-3.8606299450218287
303.805,C1CCN(CC1)CC(COCC2=CC=CC=C2F)O.Cl,0.0441,-3.8381563277038944
539.9010000000001,CC1=CC2=C(C=C1)N(C3C2C[N+](CC3)(C)CC(=O)C4=CC=CC=C4)C(=O)C5=CC=CC=C5Cl.[Br-],0.078,-3.8402195291780203
614.5590000000003,CN(C)C=O.C1COCCN1S(=O)(=O)C2=CC=CC(=C2)NC(=O)COC(=O)C34CC5CC(C3)CC(C5)(C4)Br,0.0104,-4.771530243846268
500.06400000000025,CC1=CC=C(C=C1)NS(=O)(=O)C2=CC=C(C=C2)C(=O)NC3CCN(CC3)CC4=CC=CC=C4.Cl,0.0064,-4.892845616488379
442.94300000000015,CC1=C(C(=O)OC2=C1C=CC(=C2)OCC(=O)N3CCN(CC3)CC4=CC=CC=C4)C.Cl,0.0025,-5.248407834078839
326.32400000000007,CN1CCN(CC1)CC(=O)C2=CC=CC=C2F.C(=O)(C(=O)O)O,0.0429,-3.881191723632774
283.7989999999999,CC1=C(C(=CC=C1)C(=O)OC2CCCN(C2)C)C.Cl,0.0369,-3.8859844946761117
327.705,CN1CCCC(C1)OC(=O)C2=CC(=C(C(=C2F)F)F)F.Cl,0.0454,-3.8584272148781666
568.1110000000002,C1CN(CCC1NC(=O)C2=CC(=CC=C2)S(=O)(=O)NC3=CC=C(C=C3)SC(F)F)CC4=CC=CC=C4.Cl,0.0317,-4.253373936130184
350.3710000000001,CC1=CC=CC=C1NC(=O)COC(=O)C2=COCCO2.CN(C)C=O,0.0391,-3.952351395290867
339.863,CC(CN1CCCCC1)OC(=O)/C=C/C2=CC=C(C=C2)OC.Cl,0.0494,-3.83757693772329
287.20399999999995,C1C=C(CS1(=O)=O)CSC(=[NH2+])N.[Br-],0.0394,-3.862694262372232
507.56500000000017,CC1=C(C=C(C=C1)S(=O)(=O)N2CCOCC2)NC(=O)CNC(C)C3=CC=CC=C3.C(=O)(C(=O)O)O,0.0741,-3.835673458967894
349.199,C1=CC(=C(C=C1Cl)[N+](=O)[O-])NC(=O)CN2C=CSC2=N.Cl,0.0444,-3.8956900212330483
283.76199999999994,C[N+]1=CN(C2=CC=CC=C21)CC3=CC=C(C=C3)C#N.[Cl-],0.0394,-3.8574580146261286
521.5920000000003,CC1=C(C=C(C=C1)S(=O)(=O)N2CCCCC2)NC(=O)CNCC3=CC=CC=C3OC.C(=O)(C(=O)O)O,0.0343,-4.182036801671701
502.01800000000026,CN(C)C=O.C1CN(CCN1C2=CC=CC=N2)C(=O)C3=CC(=NC4=CC=CC=C43)C5=CC=CC=C5Cl,0.0015,-5.52462803012226
326.849,CCC(C)C1=CC=C(C=C1)S(=O)(=O)NC2=CN=CC=C2.Cl,0.0359,-3.9592527119943957
304.7989999999999,CC(=O)C1=CC=C(C=C1)S(=O)(=O)N2CCNCC2.Cl,0.0455,-3.8260021411574505
331.859,CC1CCCC(N1CC(COCC2=CC=CC=C2F)O)C.Cl,0.0456,-3.8619887575186453
418.827,C1=CC=C(C=C1)C(=O)C2=CC=[N+](C=C2)CC(=O)NC3=CC=CC=C3OC(F)F.[Cl-],0.0594,-3.8482482260510222
410.27900000000005,CN(C)C(CNS(=O)(=O)C1=C(C=CC(=C1)[N+](=O)[O-])Cl)C2=CC=CO2.Cl,0.0206,-4.299212067941842
527.4520000000001,CCN(CC(=O)NC1=CC2=C(C=C1)OCCO2)CC(=O)NC3=CC=CC=C3C(F)(F)F.C(=O)(C(=O)O)O,0.0477,-4.0436645643919125
431.184,C1COC2=C(O1)C=CC(=C2)C(=O)CN3C(=O)C(=C(C=N3)Cl)Cl.C(=O)(C(=O)O)O,0.0147,-4.467345302308447
598.6780000000003,CC1=CC(=C(C(=C1)C)NC(=O)CN(C)CC(=O)NC2=CC(=CC=C2)S(=O)(=O)N(C)C3=CC=CC=C3)C.C(=O)(C(=O)O)O,0.0143,-4.6218572616792
395.9560000000002,CC1=CC(=CC=C1)S(=O)(=O)NC2=C(C=C(C=C2)N3CCN(CC3)C)C.Cl,0.052,-3.881643584667251
483.97400000000033,CC(=O)NC1=C(C=C(C=C1)S(=O)(=O)N2CCN(CC2)CC3=CC4=C(C=C3)OCO4)OC.Cl,0.0105,-4.663632732078961
248.713,C[N+]1=CC=CC(=C1)C(=O)NC2=CC=CC=C2.[Cl-],0.03,-3.9185772313171054
586.4610000000004,CN(CC1=C(C=CC(=C1)Br)OC)CC(=O)NC2=CC(=CC=C2)S(=O)(=O)N3CCCC3.C(=O)(C(=O)O)O,0.0129,-4.657649426275133
507.5650000000003,CN(CC1=CC=CC=C1OC)CC(=O)NC2=CC(=CC=C2)S(=O)(=O)N3CCCC3.C(=O)(C(=O)O)O,0.0573,-3.9473370449798324
307.39000000000004,C1CCCC(CC1)NCCC2=CC=CC=C2.C(=O)(C(=O)O)O,0.0453,-3.831591532928837
290.816,CN1CCCN(CC1)S(=O)(=O)C2=CC=CC=C2.Cl,0.0398,-3.8637352246131615
241.72200000000004,C1CN(CCN1)C(=O)NC2=CC=CC=C2.Cl,0.0306,-3.8975947524481835
375.4020000000001,CNCC1=CC=CC=C1SC2=CC(=C(C=C2)O)O.C(=C\C(=O)[O-])\C(=O)[O-],0.0315,-4.07618602825878
387.261,CCOC(=O)/C(=C\1/C2=CC=CC=C2CC(N1)(C)C)/C.I,0.0187,-4.31616215603794
378.295,CC1=CC=[N+](C=C1)CC(=O)C2=C(N=C(C(=C2)C#N)SC)C.[Br-],0.05,-3.8788605968384067
349.22800000000007,CCOC(=O)C[N+]1=C(C2=C(C=C1)C3=CC=CC=C3N2)C.[Br-],0.0497,-3.846752668058491
350.89000000000004,C1CCC2=C(C1)C3=CC=CC=C3N2CC(CN4CCOCC4)O.Cl,0.0513,-3.8350536263389756
167.636,CC(C)(CC(=O)O)CN.Cl,0.0232,-3.8588793045970045
305.71400000000006,CC1=C(C=C(C(=[N+]1C)C)C(=O)C)C(=O)C.[O-]Cl(=O)(=O)=O,0.0415,-3.8672672307399583
289.231,C1CNCCC1C2=NC3=C(S2)C=CC(=C3)Cl.Cl,0.0433,-3.8247569427788752
552.5500000000005,CC(C(=O)NC1=CC=C(C=C1)C(F)(F)F)N(C)CC(=O)N2CCN(CC2)CC3=CC=CC=C3.C(=O)(C(=O)O)O,0.0521,-4.025533859947376
527.5560000000003,CC1=C(C(=NN1)C)NC(=O)CN2CCN(CC2)S(=O)(=O)C3=CC(=C(C=C3)OC)OC.C(=O)(C(=O)O)O,0.0636,-3.9188114510703826
416.45200000000017,CC(C(=O)NC1=CC=CC=C1OC)NC2(CCS(=O)(=O)C2)C.C(=O)(C(=O)O)O,0.0431,-3.9850876819531638
323.802,CC1=C(C(=NN1)C)S(=O)(=O)N2CCCC(C2)C(=O)O.Cl,0.0384,-3.9259483025275306
293.77900000000005,CC1=CC2=C(N=CN=C2S1)NC3=CC(=CC=C3)O.Cl,0.0417,-3.847884693219493
307.8060000000001,CC1=CC2=C(N=CN=C2S1)NC3=CC=C(C=C3)OC.Cl,0.0148,-4.318015365797366
278.7609999999999,CCC1=C(C=C(O1)C(=O)OC)CSC(=N)N.Cl,0.0414,-3.828231672675386
299.783,CC1=CN=C(S1)NNC(=O)C2=CC=CC=C2OC.Cl,0.0339,-3.9466073031726707
299.21199999999993,COC1=CC=C(C=C1)NC2=NCCCCC2.Br,0.0447,-3.825671483939084
303.768,C1CN2C3=CC=CC=C3N(C2=N1)CC4=CC=C(C=C4)F.Cl,0.0432,-3.847058274998237
338.8419999999999,CCN1C2=NC3=CC=CC=C3N2C(=CC(=N1)C)C4=CC=CC=C4.Cl,0.0393,-3.9356046861053557
314.901,CC(C(=O)C12CC3CC(C1)CC(C3)C2)NCCN(C)C.Cl,0.0524,-3.778842752801094
212.68,C1CC(=N)N(C1)C2=CC=CC=C2O.Cl,0.0306,-3.842005225160561
309.8370000000001,CC1(C2CCC1(C(C2)OC(=O)C[N+]3=CC=CC=C3)C)C.[Cl-],0.039,-3.900068671911012
315.88499999999993,CC(C(=O)C12CC3CC(C1)CC(C3)C2)OCCN(C)C.Cl,0.0468,-3.829283150571143
303.749,CN1C2=CC=CC=C2[N+](=C1C3=CC=CC=C3[N+](=O)[O-])C.[Cl-],0.0429,-3.850057564643219
308.21200000000005,C1=CC=C2C(=C1)NC(=N2)CC(C3=CC=C(C=C3)Cl)N.Cl,0.0377,-3.912508193431403
336.863,CN(CCO)CC(CN(C1=CC=CC=C1)C2=CC=CC=C2)O.Cl,0.0499,-3.829352766401728
309.262,CCCCOC1=C(C=C(C=C1)CSC(=N)N)Cl.Cl,0.0406,-3.8818005265676905
372.262,CC1=[N+](C=CC2=CC=CC=C12)CC(=O)C3=CC=C(C=C3)OC.[Br-],0.0161,-4.364022830257466
243.694,CN(C)C(=O)C[N+]1=CC=C(C=C1)C(=O)N.[Cl-],0.0354,-3.8378415745082615
257.359,CCCCSC1=NC(=CC(=O)N1CC=C)[O-].[NH4+],0.0224,-4.060291342058485
405.4950000000002,CCCCCCC(=O)C1=C(N(C(=O)NC1=O)C2=CC=C(C=C2)OC)[O-].C[NH+](C)C,0.0445,-3.9596254924841294
341.8350000000001,CC1(C(OC(=CC=NC2=CC(=C(C=C2)OC)OC)O1)(C)C)C.Cl,0.0471,-3.860795620327417
288.86299999999994,CC1(C2CCC(C2)C1(C)NC(=O)C[N+](C)(C)C)C.[Cl-],0.0432,-3.825208170505553
330.8590000000001,CC1=C(C2=C(N1CC3=CC=CC=C3)C=CC(=C2)OC)CC[NH3+].[Cl-],0.0445,-3.871282941803051
333.38800000000003,CCC1=CC=C(C=C1)N2C(=C(C(=O)NC2=O)C(=O)C)[O-].C[NH+](C)C,0.0385,-3.9374892342271153
239.746,CCCCNCC1=CC2=CC=CC=C2O1.Cl,0.0317,-3.8786921077754424
270.355,CCN(CC)CCCN=C(N)N.OS(=O)(=O)O,0.024,-4.0517231642042155
353.934,CCC1=CC=C(C=C1)CC2(CC(N(CC2C)C)C)OC(=O)CC.Cl,0.0469,-3.877749441604058
281.338,CN1N=C(N=N1)CC[N+](C)(C)C.COS(=O)(=O)[O-],0.0327,-3.9346806431228627
359.897,CCOC(=O)[C@@H]1CCN(C[C@H]1C2=CC=CC=C2)CC3=CC=CC=C3.Cl,0.0307,-4.069039851034363
238.69300000000004,C1=CC(=CC(=C1)F)CN2C=CC(=N)C=C2.Cl,0.0308,-3.889288966411003
217.784,CCCCCC[N+](C)(C)CC#CC.[Cl-],0.0278,-3.893981174235584
291.148,C1=CC2=NC(=CN2C=C1)C3=CC=C(C=C3)O.Br,0.0365,-3.9018209466733085
237.77400000000003,CCN(CC)CC#CC1=CC=C(C=C1)C.Cl,0.0171,-4.1431682534571115
290.19,CN1CCCC(C1)OC(=O)C2=CC=C(C=C2)Cl.Cl,0.0415,-3.8446343457809147
382.85100000000006,COC1=CC=CC=C1NC2=NC3=CC=CC=C3C(=N2)NCC4=CC=CO4.Cl,0.0004,-5.980969794472935
332.25600000000003,C1C[C@H](NC1)C2=NN=C(O2)SCC3=CC=CC=C3Cl.Cl,0.0498,-3.8242434895739787
174.63100000000003,CC1=CC=[N+]2N1CC(C2)O.[Cl-],0.0189,-3.9656595367650356
387.3480000000001,CCO.C1=CC=C(C(=C1)C2C(=C(OC3=C2OC(=CC3=O)CO)N)C#N)[N+](=O)[O-],0.0459,-3.9262886323717647
341.882,CC1CCCN1CC#CC(C2=CC=CC=C2)(C3=CC=CC=C3)O.Cl,0.0469,-3.8627033931898467
296.779,C1=CC(=CC=C1[N+](=O)[O-])SCCC2=CC=[NH+]C=C2.[Cl-],0.0365,-3.910140302680221
383.46900000000016,CC(=O)O.C1C(C2=CC=CC3=C2C1=CC=C3)S(=O)(=O)CCC4=CC=NC=C4,0.0494,-3.8900033119999176
291.782,CCC(C)NC1=NC(=NC2=C1OC3=CC=CC=C32)C.Cl,0.0413,-3.8491084451477984
310.8279999999999,CC1=CC2=C(C=C1)N=C3CCCC3=C2NC4=CC=CC=C4.Cl,0.035,-3.9484520896452913
306.247,CC[N+](CC)(CC#C)CC#CC1=CC=CC=C1.[Br-],0.0378,-3.908580043201234
285.81800000000004,CC1=CC2=C(C=C1CN(C)C)C3=CC=CC=C3C=C2.Cl,0.0245,-4.06692349157577
200.713,CCN(CC)CC1=CC=CC=N1.Cl,0.0292,-3.837192650811978
381.907,CC1=CC(=C(C=C1)NC(=O)C[N+]2=C3CCCN3C(=C2)C4=CC=CC=C4)C.[Cl-],0.0554,-3.838447853931645
331.30500000000006,C1=CC=[NH+]C(=C1)CCSC2=CC=C(C=C2)F.OP(=O)(O)[O-],0.0097,-4.533456255965318
311.838,CC(=C)CSC1=NN=C(O1)[C@H](CC2=CC=CC=C2)N.Cl,0.0443,-3.8475253101741647
376.25,CC1=CC(=O)OC2=C1C=CC(=C2)OCCC[N+]3=CC=CC=C3.[Br-],0.0536,-3.8463117189091296
283.79900000000004,CCN(CC)CCOC(=O)/C=C/C1=CC=CC=C1.Cl,0.0385,-3.867550131326672
353.9190000000001,CCCC1=C(N=C2C=CC(=CC2=C1SC(=N)N)OCCC)C.Cl,0.033,-4.0303899383110835
176.65099999999998,CCC1=NNC(=N1)CCN.Cl,0.0202,-3.9417647308198682
261.778,CC(=C)CSC1=NN=C(O1)[C@@H]2CCCN2.Cl,0.0358,-3.8640501187027456
325.86500000000007,CC1=CC(=C(C=C1)C)CSC2=NN=C(O2)[C@@H]3CCCN3.Cl,0.0456,-3.8540728742807864
355.825,COCCNC1=NC(=NC2=C1OC3=CC=CC=C32)C4=CC=CC=C4.Cl,0.0046,-4.888478626345769
177.20299999999995,C[N+]1=CC=CC2=C1C(=CC=C2)[O-].O,0.0252,-3.8470705293226306
388.3490000000001,CC(C)[N+](C)(C)CC#CC(C1=CC=CC=C1)(C2=CC=CC=C2)O.[Br-],0.051,-3.8816520150842844
312.84099999999995,CC1=CC=C(C=C1)C(=O)OC(C)CN2CCN(CC2)C.Cl,0.0408,-3.8846635023558007
311.838,CC1=CC=CC=C1CSC2=NN=C(O2)[C@@H]3CCCN3.Cl,0.0399,-3.892956140710486
344.2929999999999,C1=CC=[N+](C=C1)CCCCCCCCCCC(=O)O.[Br-],0.0479,-3.856592679512946
340.66299999999995,C1=CC(=C(C(=C1)Cl)CSC2=NN=C(O2)CCN)Cl.Cl,0.0391,-3.9401482092555615
370.31200000000007,CC1CC(CCO1)C2=NC(=CS2)C3=CC=C(C=C3)OC.Br,0.0339,-4.038368087433565
318.826,CCCOC1=C(C=C(C=C1)CSC(=N)N)C(=O)OC.Cl,0.0426,-3.874144131425949
406.957,CC1=CC=CC=C1C(=O)N2CCN(CC2)C(C3=CC=CC=C3)C4=CC=CC=C4.Cl,0.0078,-4.717453920418547
393.4800000000001,CC(C)CCC(CCN1CCCC1)C2=CC3=C(C=C2)OCO3.C(=O)(C(=O)O)O,0.0484,-3.910077301072578
337.37200000000007,CC1=NC=C(C=C1)CCSC2=CC=C(C=C2)F.C(=O)(C(=O)O)O,0.0252,-4.126708494940158
220.705,C1=CC(=C([NH+]=C1)CSC(=[NH2+])N)O.[Cl-],0.0353,-3.796037466685533
308.76899999999995,C1CNCCN(C1)C2=C3C(=C(C=C2)[N+](=O)[O-])C=CC=N3.Cl,0.0367,-3.9249676270076046
18.039,[H+].N,10.2,-0.2476122868032441
265.26899999999995,CCOC1=CC=C(C=C1)N2C(=CC(=O)NC2=O)[O-].[NH4+],0.0352,-3.8771438367281865
279.25199999999995,C1OC2=C(O1)C=C(C=C2)CC3=C(NC(=O)NC3=O)[O-].[NH4+],0.0297,-3.97323984289426
295.295,COC1=CC(=C(C=C1)CC2=C(NC(=O)NC2=O)[O-])OC.[NH4+],0.0431,-3.8357788232967502
267.698,CN1C=NC(=C1SCC(=O)NN)[N+](=O)[O-].Cl,0.028,-3.9804870951969415
383.876,CN1CCC2=C(C1)SC(=C2C(=O)N)NC(=O)CC3=CC=C(C=C3)F.Cl,0.0526,-3.8632052166394018
270.163,CC1=CC(=NC(=N1)NC2=CC=CC=C2Cl)C.Cl,0.0104,-4.414592530938183
253.70800000000003,CC1=CC(=NC(=N1)NC2=CC=CC=C2F)C.Cl,0.0264,-3.982730234877234
342.8340000000001,C1CN(CCN1C2=CC=CC=N2)C3=NC4=CC=CC=C4C(=N3)N.Cl,0.0548,-3.7963033273460303
332.747,CC1=CC(=C(C=C1)O)NC2=NC=NC3=C2C=C(C=C3)[N+](=O)[O-].Cl,0.0096,-4.539842915587027
255.764,CC1CC2(CCCC2)NC3=C1C=C(C=C3)F.Cl,0.0007,-5.562741375415246
341.8790000000001,CC(CN1CCOCC1)OC(=O)C2=CC=C(C=C2)C(C)(C)C.Cl,0.0182,-4.273801036987539
280.799,CN1C=CC=C1CNCCC2=CC=C(C=C2)OC.Cl,0.0405,-3.840940533607575
259.78000000000003,C1CC1NCC2=CC=C(C=C2)C3=CC=CC=C3.Cl,0.0379,-3.835966502496477
368.3890000000001,C1=CC=C(C=C1)CC(=O)NCCC2=CNC3=CC=CC=C32.C(=O)(C(=O)O)O,0.0478,-3.8868787571857006
404.4380000000001,COC1=CC=CC(=C1)CN2CCN(CC2)CC3=CC(=CC=C3)F.C(=O)(C(=O)O)O,0.0465,-3.9393990011877347
385.37600000000015,C1=CC=C(C(=C1)CNCCC2=CNC3=CC=CC=C32)[N+](=O)[O-].C(=O)(C(=O)O)O,0.0418,-3.964708382898014
304.77399999999994,C1C(C(=O)N(C1=O)C2=CC=C(C=C2)F)SCCN.Cl,0.0295,-4.014155898992036
296.62499999999994,C1CC(OC1)CNCC2=C(C=C(C=C2)Cl)Cl.Cl,0.037,-3.9040060271584003
434.4920000000001,CC1=CC=C(C=C1)CN2CCN(CC2)C(=O)C3=CC=CC4=CC=CC=C43.C(=O)(C(=O)O)O,0.0596,-3.8627355247548274
355.67400000000004,C1C(C(=O)N(C1=O)C2=CC(=C(C=C2)Cl)Cl)SCCN.Cl,0.0328,-4.035178275426215
223.703,C1=CC=C(C=C1)CNCC2=CC=CO2.Cl,0.0335,-3.824627001265012
279.771,C1CCN(CC1)CC2=NN=C(O2)C3=CC=CC=C3.Cl,0.0362,-3.888094124637998
34.083000000000006,[H+].[SH-],3.74,-0.959666212359671
306.809,C1CCC(=NCC1)NC2=CC=C(C=C2)SC(F)F.Cl,0.045,-3.833655581374507
353.289,CCCC1=NN=C2N1N=C(CS2)C3=CC=C(C=C3)C.Br,0.0142,-4.395841771077059
331.235,COC(=O)C1=CC=C(C=C1)CN2CCSC2=N.Br,0.0496,-3.8246545438441637
331.27899999999994,CCSC(=NC1=CC=CC=C1)N2CCOCC2.Br,0.0439,-3.8777293862912687
90.03399999999999,[H+].[H+].C(=O)(C(=O)[O-])[O-],220.0,0.38801613556120046
423.335,C[C@]12CC[C@H](C1(C)C)C[C@@H]2OC(=O)C[N+]3(CCOCC3)C.[I-],0.0601,-3.847809704050984
72.063,[H+].C=CC(=O)[O-],1000.0,1.142287662053505
192.123,[H+].[H+].[H+].C(C(=O)[O-])C(CC(=O)[O-])(C(=O)[O-])O,592.0,0.4887423471961712
243.13700000000003,C1CNCC2=C1C3=C(N2)C=CC(=C3)Cl.Cl,0.0324,-3.8753060435487168
302.802,COC1=CC(=CC(=C1OC)OC)CN2CCNCC2.Cl,0.0231,-4.117546759450076
262.18,C1CCN(C1)CCOC2=CC(=CC=C2)Cl.Cl,0.0372,-3.848056619245911
316.42600000000004,CCNC(=O)NC1C2=CC=CC=C2CSC3=CC=CC=C13.O,0.0088,-4.5557894891249395
370.32,CN(C)CC/C=C\1/C2=C(C=CC(=C2)F)SC3=C1C=C(C=C3)Cl.Cl,0.0328,-4.052703324063075
273.767,C1=CC=C(C=C1)CC(C2=NC3=CC=CC=C3N2)N.Cl,0.0403,-3.832076050755313
247.169,C1CN(CCN1)CC2=CC=C(C=C2)Cl.Cl,0.0226,-4.038885561358462
94.11299999999996,[H+].C1=CC=C(C=C1)[O-],82.8,-0.05561928067332788
122.12299999999996,[H+].C1=CC=C(C=C1)C(=O)[O-],3.4,-1.5553185473318523
222.719,CC1=CC2=C(C=C1)NC3=C2CNCC3.Cl,0.0317,-3.8466980057510747
248.669,C1=CC2=C(C3=C1C(=O)C=CN3)NC=CC2=O.Cl,0.0346,-3.8565455490904044
466.1060000000002,CC(C)(C)CC(C)(C)C1=CC=C(C=C1)OCCOCC[N+](C)(C)CC2=CC=CC=C2.O.[Cl-],7.5,-1.7934234300796539
116.072,[H+].[H+].C(=C/C(=O)[O-])\C(=O)[O-],7.0,-1.219629427682277
118.088,[H+].[H+].C(CC(=O)[O-])C(=O)[O-],83.2,-0.15208244093693446
60.052,[H+].CC(=O)[O-],1000.0,1.2214725240729036
82.08,[H+].[H+].[O-]S(=O)[O-],558.5,0.8327858296838868
34.014,[H+].O[O-],1000.0,1.4683422926253862
166.13199999999998,[H+].[H+].C1=CC(=CC=C1C(=O)[O-])C(=O)[O-],0.015,-4.0443620343522975
279.137,C1=CC=C(C=C1)C(=O)C[N+]2=CC=NC=C2.[Br-],0.0064,-4.639637432661699
97.994,[H+].[H+].[H+].[O-]P(=O)([O-])[O-],1000.0,1.008800514579577
146.142,[H+].[H+].C(CCC(=O)[O-])CC(=O)[O-],30.8,-0.6762243300082772
174.19599999999997,[H+].[H+].C(CCCC(=O)[O-])CCC(=O)[O-],11.9,-1.165491216845861
327.859,CCCCN1C2=CC=CC=C2N3C1=NC(C3)C4=CC=CC=C4.Cl,0.0441,-3.871248520440106
375.94,CC(C)(C)C1=CC=C(C=C1)OCC(CN2CCC3=CC=CC=C3C2)O.Cl,0.0117,-4.506932675340529
451.8330000000004,CCCCOC1=C(C=C(C=C1Br)CNCCCN2CCOCC2)OC.Cl,0.0609,-3.870360654169543
347.97100000000006,CC1CC(CC(C1)(C)C)OCC(CN2CC(CC(C2)C)C)O.Cl,0.0479,-3.8612075378171418
401.345,C[N+](C)(CCOC(=O)C(C1CCCCC1)(C2=CC=CC=C2)O)N.[Br-],0.028,-4.1563598255160175
310.825,CC1=C(C(=NN1)C)CCCCOC2=CC=C(C=C2)OC.Cl,0.0378,-3.9150241424840613
279.767,COC1=CC=C(C=C1)[C@H]([C@H](C2=CC=CC=C2)N)O.Cl,0.0417,-3.8266604308678245
353.85000000000014,CCCCCCC(CN1C=CN=C1)(C2=CC=CC=C2)Cl.[N+](=O)(O)[O-],0.0353,-4.0010444945534545
400.3030000000001,C1=CC=C(C=C1)OC2=CC=NC=C2.C1=C(C=C(C(=C1[N+](=O)[O-])O)[N+](=O)[O-])[N+](=O)[O-],0.0575,-3.842721000170817
416.949,CCOC(=O)C1(C2=CC=CC=C2N(C1=O)CCCN(C)C)CC3=CC=CC=C3.Cl,0.057,-3.8642080809004895
275.8229999999999,CN(C)CC1=CC=CC=C1CCC2=CC=CC=C2.Cl,0.0239,-4.062232576832978
299.82300000000004,C1COCCN1CC(C2=CSC3=CC=CC=C32)O.Cl,0.0436,-3.837378456088054
279.796,C1=CC=C(C=C1)C(C2=CC=NC=C2)NC(=S)N.Cl,0.0395,-3.8502444058433407
325.90900000000005,CN1CCN(CC1)CC2=C(N(C3=CC=CC=C32)C)SC.Cl,0.0529,-3.7896406816682764
354.237,C1=CC=C(C=C1)CCN=C(N)NC(=O)C2=C(C=CC(=C2)Cl)O.Cl,0.0106,-4.523988055950111
390.2200000000001,C1=CC(=CC=C1COP(=O)([O-])OCC2=CC=C(C=C2)[N+](=O)[O-])[N+](=O)[O-].[Na+],0.0582,-3.8263865399346098
381.944,CN1CCC(C(C1)CSC2=CC=C(C=C2)OC)C3=CC=C(C=C3)F.Cl,0.0325,-4.0701163310589745
392.11599999999993,COC1=C(C=C(C=C1)C2=CSC3=NCCN23)Br.Br,0.0544,-3.8578156640249803
372.162,C1=CC=[N+](C=C1)CC(C2=CC=C(C=C2)[N+](=O)[O-])O.[I-],0.0521,-3.8538943036552946
363.683,C1CCN(C1)CCNC(=O)COC2=CC=C(C=C2)Br.Cl,0.0518,-3.846393241120462
418.0020000000001,CC(=O)OCCCN(C)CC/C=C\1/C2=CC=CC=C2CSC3=CC=CC=C31.Cl,0.0538,-3.8903960840677034
333.3579999999999,C1CCN(CC1)CCCCCCN2CCCCC2.Br,0.0618,-3.7319224067941428
345.46400000000006,CN(C)CCOC1C2=CC=CC=C2CSC3=CC=CC=C13.C(=O)O,0.0467,-3.869085916684068
343.85100000000006,CCCOC1=CC(=C(C=C1)C(=O)OCCN2CCCCC2)O.Cl,0.0498,-3.8391409489511883
369.089,C1=CC=C2C(=C1)C=CC=[N+]2CC3=C(C=CC=C3Cl)Cl.[Br-],0.0516,-3.8544814004351795
331.912,C1CCN(CC1)C2CC3=CC=CC=C3SC4=CC=CC=C24.Cl,0.0018,-5.265750449141913
366.4580000000001,CC1=CC=CC=C1OCCCCCCN2CCNCC2.C(=O)(C(=O)O)O,0.0495,-3.869419008110507
387.5010000000001,CN(C)CC1=CC=CC=C1SC2=CC3=C(CCCC3)C=C2.C(=O)(C(=O)O)O,0.0055,-4.8479101381065925
232.71400000000003,CC1=CC2=C(C(=[NH+]1)C)NC3=CC=CC=C32.[Cl-],0.0262,-3.948521219770396
247.685,C1=CC=C2C=C3C(=CC2=C1)NC(=O)C(=N3)N.Cl,0.0052,-4.677896362529222
313.78100000000006,C1CCCN(CC1)CC2=CC=C(C=C2)Cl.C(=O)(C(=O)O)O,0.0249,-4.100427295644743
323.607,C1CCC(=NNC(=O)C2=C(C(=CC(=C2)Cl)Cl)O)C1.Cl,0.0283,-4.058231471817963
346.3830000000001,CC1=CC=C(O1)CN2CCN(CC2)C3=CC=CC=C3.C(=O)(C(=O)O)O,0.0491,-3.848475077171061
305.29,COC1=CC=CC=C1CNC2=NC=CC=N2.C(=O)(C(=O)O)O,0.0344,-3.948154136322787
330.859,CCCCNC1C2=CC=CC=C2C(=O)N1CC3=CC=CC=C3.Cl,0.0475,-3.842949343159116
394.244,C1=CC=C2C(=C1)N=C(N2CC(=O)C3=CC=C(C=C3)F)NCCO.Br,0.0224,-4.245517074188731
411.4090000000001,CC(C)(C)C1=CC(=CC(=C1O)C(C)(C)C)C2=CSC3=NCCN23.Br,0.0107,-4.584890010421147
273.155,C1CN2C(=CSC2=N1)C3=CC=CO3.Br,0.0388,-3.847577428927034
378.089,C=CN1C=C[N+](=C1)CC(=O)C2=CC=C(S2)Br.[Br-],0.053,-3.853318172721297
309.3619999999999,COC1=CC=CC=C1CN2CCCCCC2.C(=O)(C(=O)O)O,0.0408,-3.879806803662471
340.83200000000005,COC1=CC=C(C=C1)C2=C(SC3=NCCN23)CCC(=O)O.Cl,0.0493,-3.8396934437276453
381.4280000000001,CN(CC1=CC=CC=C1)CC2=C(C=CC3=CC=CC=C32)OC.C(=O)(C(=O)O)O,0.0531,-3.856318049639925
317.345,CC(C)C1=CC=C(C=C1)CNC2=NC=CC=N2.C(=O)(C(=O)O)O,0.0313,-4.005987322533758
344.886,CC(C)CCNC1C2=CC=CC=C2C(=O)N1CC3=CC=CC=C3.Cl,0.0062,-4.7452838758573925
366.848,C1=CC=C2C(=C1)C(=C3C=CC=CC3=N2)NCCC4=CC(=C(C=C4)O)O.Cl,0.0447,-3.9141786325772574
384.4760000000001,CC(CN1CCN(CC1)CC2=CC=CC=C2)C3=CC=CC=C3.C(=O)(C(=O)O)O,0.0072,-4.727536738752017
339.388,COC1=CC(=C(C=C1)OC)CN2CCCCCC2.C(=O)(C(=O)O)O,0.0482,-3.847649444333509
297.82999999999987,CC1=CC=C(C=C1)NC(=O)CCN2CCN(CC2)C.Cl,0.0369,-3.9069420753371737
311.838,CCCC(=O)NC1=NN=C(S1)CCC2=CC=CC=C2.Cl,0.0047,-4.821831178461516
338.404,CCOC1=CC=C(C=C1)CNCCN2CCCC2.C(=O)(C(=O)O)O,0.0282,-4.0791863795218
304.77700000000004,CC(C(=O)C1=CC=CC=C1)[N+]2=CC=C(C=C2)NC(=O)C.[Cl-],0.034,-3.95250327282355
376.4090000000001,CCN(CC1=CC=NC=C1)CC2=C(C=C(C=C2)OC)OC.C(=O)(C(=O)O)O,0.0435,-3.93717074197595
395.2530000000001,CCN(CC1=CC=C(C=C1)Br)CC2=CC=NC=C2.C(=O)(C(=O)O)O,0.0306,-4.111153748462961
361.3940000000001,CC1=CC=C(C=C1)CNCC2=C(C=C(C=C2)OC)OC.C(=O)(C(=O)O)O,0.0405,-3.9505259147486997
273.8039999999999,C1COCCN1C2[C@@H]3CC4C[C@H]2CC(C3)(C4)O.Cl,0.0368,-3.871591969774703
287.182,C[N+]1=CN(C=C1)CC(=O)C2=CC=CS2.[Br-],0.039,-3.867092608677275
328.88400000000007,CC1CC(C(CN1C)C)NCC2=CC(=C(C=C2)OC)OC.Cl,0.0509,-3.810324963506088
305.374,C1CCC(CC1)N2CCC3=CC=CC=C3C2.C(=O)(C(=O)O)O,0.044,-3.84137938132521
370.8610000000001,C1=CC=C2C(=C1)C=CC=C2NC3=NC(=CS3)C4=CC(=C(C=C4)O)O.Cl,0.0152,-4.387367577076095
371.4330000000001,C1CCN(CC1)CC2=CC(=CC=C2)OCC3=CC=CC=C3.C(=O)(C(=O)O)O,0.0462,-3.9052385104960816
317.82,COC1=CC2=C(C=C1)NC=C2CCNCC3=CN=CC=C3.Cl,0.0462,-3.837539247763116
306.8179999999999,C1=CC=C2C(=C1)N(C3=CC=CC=C3S2)C(=O)CCN.Cl,0.0299,-4.01120964632462
378.3560000000001,C1CN(CCN1CC2=CC=CC=C2F)C(=O)C3=CC=CO3.C(=O)(C(=O)O)O,0.0339,-4.047700927232076
276.767,CC1=CC(=C(C=C1)C)NC(=O)C[N+]2=CC=CC=C2.[Cl-],0.0408,-3.8314541431707
330.34000000000003,C1=CC=C2C(=C1)C(=CN2)CCNCC3=CC=CO3.C(=O)(C(=O)O)O,0.038,-3.9391775678329517
339.80100000000004,CC1=CN=C(S1)NC(=O)CN2CCCCC2.OCl(=O)(=O)=O,0.0247,-4.138527699360009
252.745,CC1C2=C(CCN1)C3=C(N2)C=CC(=C3)OC.Cl,0.0301,-3.9241160771998054
347.3670000000001,COC1=CC=CC(=C1)CNCC2=CC=CC=C2OC.C(=O)(C(=O)O)O,0.0289,-4.079890715169614
272.739,C1=CC=C2C(=C1)C(=NC=N2)NC3=CC=CC(=C3)N.Cl,0.0319,-3.9319565607654843
291.331,C1C(=O)N(C(=S)N1C2=CC=CC=C2)C3=CC=CC=C3.[Na+],0.0074,-4.595154979838744
314.816,CC1=CC=C(C=C1)NC2=C3C=C(C=CC3=NC(=C2)C)OC.Cl,0.0305,-4.013756957196432
332.4000000000001,CC(C)CC1C2=C(CC(N1)C(=O)O)C3=CC=CC=C3N2.CC(=O)O,0.0484,-3.836815653467661
315.8479999999999,CC(C)N1C2=CC=CC=C2N=C1CN(C)C3=CC=CC=C3.Cl,0.0424,-3.8721122746243126
287.762,CC(CN1CCCC1)OC(=O)C2=CC(=CC=C2)F.Cl,0.0396,-3.8613382573237294
286.778,CN1CCC(CC1)N(C)C(=O)C2=CC=CC=C2F.Cl,0.0429,-3.82508853945164
257.7609999999999,COC1=CC=C(C=C1)OCC2CCNCC2.Cl,0.0365,-3.8489243434946747
223.703,C1CCC2=C(C1)C3=C(O2)C(=CC=C3)N.Cl,0.0074,-4.480440088570881
309.866,CC1=CC=CC=C1CNCCCSC2=NC=CC=N2.Cl,0.0352,-3.9446312624789504
341.8790000000001,CCCCCOC1=CC=C(C=C1)C(=O)CCN2CCOCC2.Cl,0.0349,-3.991046998013434
318.892,CCCCC1CC2(C3=C(CCN2C1)C4=CC=CC=C4N3)C.Cl,0.0277,-4.0611638552288865
340.3760000000001,C1COCCN1CCCNCC2=CC=CC=C2O.C(=O)(C(=O)O)O,0.0415,-3.9139108335634902
284.79,CC[N+]1=CC=C(C=C1)/C=C/C2=CNC3=CC=CC=C32.[Cl-],0.0328,-3.938650891881418
303.79299999999995,CC1=C(C(=CC=C1)C)OCCN2C3=CC=CC=C3N=N2.Cl,0.0141,-4.333358649970803
314.816,CC1=CC=CC=C1NC2=C3C=CC=C(C3=NC(=C2)C)OC.Cl,0.0401,-3.8949124239230364
300.79299999999995,CNC1=NC2=CC=CC=C2C(=N1)NCC3=CC=CC=C3.Cl,0.037,-3.9100660011479986
237.063,C1(=O)NC(=O)N(C(=O)N1Cl)Cl.[K+],30.0,-0.8977425213177626
288.32,C1(=C(C(=C(C(=C1Cl)Cl)Cl)Cl)Cl)[O-].[Na+],330.0,0.05863917057891857
175.22799999999995,C1=CC(=CC=C1C(=O)[O-])N.[K+],0.0241,-3.8615864615054107
307.07499999999993,COC1=CC=C(C=C1)C(=O)/C(=C\C(=O)[O-])/Br.[Na+],75.0,-0.6121831971282081
236.055,C1(=NC(=O)N(C(=O)N1Cl)Cl)[O-].[K+],30.0,-0.8958919491554775
296.251,CC1(OC[C@H]2[C@@H](O1)[C@H]3[C@@](O2)(OC(O3)(C)C)C(=O)[O-])C.[Na+],14.9,-1.2984735565763468
251.243,CN(C)C1=CC=C(C=C1)N=NS(=O)(=O)[O-].[Na+],30.0,-0.9229727157935665
356.3790000000001,CC1([C@@H](N2[C@H](S1)[C@@H](C2=O)NC(=O)CC3=CC=CC=C3)C(=O)[O-])C.[Na+],75.0,-0.6768508414770014
333.3440000000001,C1=CC=C(C=C1)OC2=CC=CC(=C2)C3=NC(=CS3)CC(=O)[O-].[Na+],0.0493,-3.8300457232041745
166.99899999999997,[O-]Br(=O)=O.[K+],30.0,-0.7455926158543746
288.347,C1=CC=C2C(=C1)C(=CC(=N2)C3=CN=CC=C3)C(=O)[O-].[K+],0.0087,-4.520396184695063
104.061,[H+].[H+].C(C(=O)[O-])C(=O)[O-],763.0,0.8652365429142248
163.387,[H+].C(=O)(C(Cl)(Cl)Cl)[O-],44.0,-0.5697648221430984
132.115,[H+].[H+].C(CC(=O)[O-])CC(=O)[O-],1600.0,1.0831678535546496
114.022,[H+].C(=O)(C(F)(F)F)[O-],1000.0,0.9430113455337283
62.024,[H+].[H+].C(=O)([O-])[O-],12.8,-0.6853498013135826
290.838,CN(C)CCN(CC1=CC=CC=C1)C2=CC=CC=C2.Cl,5.5,-1.7232884599834624
237.063,C1(=O)NC(=O)N(C(=O)N1Cl)Cl.[K],30.0,-0.8977425213177626
307.821,CC1CCCCN1CC2=CC(=O)OC3=C2C=CC(=C3)C.Cl,0.0356,-3.9368482467396633
226.751,C1CCN(C1)CCC2=CC=C(C=C2)N.Cl,0.0347,-3.8152197362379483
262.74,CC1=CC=CC=[N+]1CC(=O)NC2=CC=CC=C2.[Cl-],0.0266,-3.994644558944702
228.72300000000004,C1CNCCC1COC2=CC=CC=N2.Cl,0.0337,-3.8316799378536426
302.21199999999993,COC1=CC=CC(=C1)CNCC2CCCO2.Br,0.0441,-3.8358731155064243
290.176,C1CC(OC1)CNCC2=CC(=CC=C2)F.Br,0.0422,-3.837349038812712
368.4110000000001,CC1(C(N2C(S1=O)C(C2=O)NC(=O)CC3=CC=CC=C3)C(=O)O)C.O,0.0387,-3.9786216238456964
286.331,CC(=O)O.C1=CC=C2C(=C1)C(=CN2)C(CN)C3=CC=CO3,0.0215,-4.124429910111271
290.176,C1CC(OC1)CNCC2=CC=C(C=C2)F.Br,0.0391,-3.870484732378519
306.63100000000003,C1CC(OC1)CNCC2=CC=CC=C2Cl.Br,0.041,-3.8738322026321614
290.176,C1CC(OC1)CNCC2=CC=CC=C2F.Br,0.0431,-3.828184219613654
240.734,CC1=CC=CC=C1NC(=O)[C@@H]2CCCN2.Cl,0.0345,-3.843718336994854
334.21,C1=CC=C(C=C1)C2=NC(=NC3=C2C=C(C=C3)Cl)N=C(N)N.Cl,0.0097,-4.537247706144045
299.754,COC1=CC(=CC(=C1O)OC)CNCC2=CC=CO2.Cl,0.0414,-3.85976464603393
308.76900000000006,CN1CCN(CC1)C2=C(C(=O)N3C=CC=CC3=N2)C=O.Cl,0.045,-3.8364211774843504
270.763,C1=CC=C2C(=C1)C=CC=C2CNC3=CC=CC=N3.Cl,0.0041,-4.8198054606283245
260.189,C1=CC(=CC=C1NCC2=CSC=C2)Cl.Cl,0.0027,-4.983925167804155
307.19100000000003,CC1=CC=[N+](C=C1)CC(=O)NC2=CC=CC=C2.[Br-],0.0454,-3.8303526348448385
282.79599999999994,CN(C)C1=CC=[N+](C=C1)CC(=O)C2=CC=CS2.[Cl-],0.0417,-3.8313372073285676
335.74700000000007,CC(=O)NC1=CC=[N+](C=C1)CC(=O)C2=CC(=CC=C2)[N+](=O)[O-].[Cl-],0.0403,-3.920707094665715
253.798,C1=CC=C(C=C1)CCNCC2=CC=CS2.Cl,0.0326,-3.8912705953409197
302.80199999999985,COC1=CC=C(C=C1)OCC(CN2CCNCC2)O.Cl,0.0495,-3.7865535404086517
333.77500000000003,COC1=C(C=C(C=C1)C(=O)N2C3=CC=CC=C3N=C2N)OC.Cl,0.0109,-4.486027306635529
312.84099999999995,CCOC1=CC=CC=C1NC(=O)CN2CCCCCC2.Cl,0.0329,-3.9781277674957063
313.869,CC1=C(C=CC(=C1)OCC(CN2CCCC2)O)C(C)C.Cl,0.0391,-3.9045716663201815
288.778,CC1=CC(=CC=C1)OCC2=NC3=CC=CC=C3N2C.Cl,0.0304,-3.977690520654023
286.8059999999999,CCN1C2=CC=CC=C2N=C1CCC3=CC=CC=C3.Cl,0.0284,-4.004269892512305
326.831,CC1=CC2=C(C=C1)N=C(N2)CCC3=NC4=C(N3)C=C(C=C4)C.Cl,0.0089,-4.564933236106617
282.17,CC1=CC=CC=[N+]1CC(=O)C2=CC=C(C=C2)Cl.[Cl-],0.0329,-3.9333149402173335
292.766,CC1=CC=CC=[N+]1CC(=O)NC2=CC=CC=C2OC.[Cl-],0.041,-3.853736782368233
335.831,CCOC1=CC=CC=C1CNCCC2=CC3=C(C=C2)OCO3.Cl,0.0496,-3.8306391061621614
305.809,CC1=CC(=CC=C1)NC(=O)C[N+]2=CC=C(C=C2)N(C)C.[Cl-],0.0459,-3.823637577072135
256.733,CC1C(=O)N(CCN1)C2=CC=CC=C2OC.Cl,0.0334,-3.885735228882772
311.857,CCN1CCN(CC1)CCC(=O)NC2=CC=CC(=C2)C.Cl,0.0464,-3.82743751619608
301.75500000000005,CC1CN=C(S1)NC(=O)C2=CC(=CC=C2)[N+](=O)[O-].Cl,0.0125,-4.382744461964873
243.778,C1CCC(CC1)(C#CCN2CCCC2)O.Cl,0.0342,-3.8529684036359253
340.332,COC1=C(C(=CC=C1)OC)C(=O)N2CCNCC2.C(=O)(C(=O)O)O,0.0497,-3.8355463971830535
337.9199999999999,CC(C)C1=CC=C(C=C1)CNCCCSC2=NC=CC=N2.Cl,0.0491,-3.837732404394731
344.8419999999999,C1=CC=C2C=C(C=CC2=C1)OCC(CNCC3=CN=CC=C3)O.Cl,0.0435,-3.8991308982763524
276.723,CC1=CN2C=C(N=C2C=C1)C3=CC(=C(C=C3)O)O.Cl,0.0227,-4.0860194000973085
341.2630000000001,C1=CC=C2C(=C1)N(C3=C(S2)C=CC(=C3)Cl)C(=O)CCN.Cl,0.0337,-4.005459303414039
343.78900000000004,CCC1=NC2=C(C(=N1)NC3=CC=C(C=C3)F)OC4=CC=CC=C42.Cl,0.0008,-5.63320198973452
321.848,CC1CCCCN1CC2=CC(=O)OC3=C2C=CC(=C3C)C.Cl,0.0209,-4.187504528607119
300.83,COC1=CC=C(C=C1)CCNCCN2CCOCC2.Cl,0.0249,-4.082121796608413
336.4170000000001,CN1CCN(CC1)CC(=O)NC2=NC3=CC=CC=C3S2.C(=O)O,0.0504,-3.824447397231028
344.93,CC(C)CC1=CC=C(C=C1)C(C)C(=NCCC2=CC=CC=C2)N.Cl,0.0513,-3.827613603299804
241.29100000000005,C1CCCC(CC1)N2C(=CC(=O)NC2=O)[O-].[NH4+],0.03,-3.9054198685847665
365.178,C1C(=NN2C(=NN=C2S1)C(F)(F)F)C3=CC=CC=C3.Br,0.0042,-4.93925531535812
311.208,CC1=NN=C2N1N=C(CS2)C3=CC=CC=C3.Br,0.0312,-3.9988961585382783
325.235,CCC1=NN=C2N1N=C(CS2)C3=CC=CC=C3.Br,0.0362,-3.953488705284777
341.79800000000006,CCC1=NC2=C(C(=N1)NC3=CC=C(C=C3)O)OC4=CC=CC=C42.Cl,0.0012,-5.454588271109753
332.187,CN1C(=C(C(=O)N(C1=O)C)CC2=C(C(=CC=C2)Cl)Cl)[O-].[NH4+],0.0436,-3.881896143245535
358.29799999999994,CC(C)[C@@H](C1=NN=C2N1N=C(CS2)C3=CC=C(C=C3)Cl)N.Cl,0.0366,-3.990763298570226
325.79900000000004,CC1=CC(=CC=C1)NC2=NC(=NC3=C2OC4=CC=CC=C43)C.Cl,0.0011,-5.47155706180276
341.79800000000006,CC1=NC2=C(C(=N1)NC3=CC=CC=C3OC)OC4=CC=CC=C42.Cl,0.0005,-5.834799512821359
355.825,CCC1=NC2=C(C(=N1)NC3=CC(=CC=C3)OC)OC4=CC=CC=C42.Cl,0.0005,-5.852266453691324
313.744,C1=CC=C2C(=C1)C3=C(O2)C(=NC=N3)NC4=CC(=CC=C4)O.Cl,0.0023,-5.134847593158968
330.815,CC1=C(NC2=C1C=C(C=C2)OC)C(=O)NCC3=CC=CC=C3.Cl,0.0027,-5.088221429192913
314.791,C1C2=CC=CC=C2N3C=CC=C3C(N1)C4=CC(=CC=C4)F.Cl,0.0306,-4.012300880730823
312.8,C1C2=CC=CC=C2N3C=CC=C3C(N1)C4=CC=CC=C4O.Cl,0.0322,-3.9874108726919797
280.75499999999994,CC1=C(OC2=CC=CC=C12)C(=O)N3CCNCC3.Cl,0.0409,-3.836604191398365
310.825,CC(=O)C1=CC=C(C=C1)NC(=O)CNC2CCCCC2.Cl,0.0384,-3.908184717953756
213.712,C1CN(CCN1)CC2=CC=CC=N2.Cl,0.0301,-3.8512624130347346
337.939,CC1=CC(=C(C=C1)C)N2CCN(CC2)CCN3CCCCC3.Cl,0.0365,-3.9665454501577755
325.8400000000001,CCN1CCN(CC1)CC(=O)NC2=CC=C(C=C2)C(=O)C.Cl,0.0452,-3.857865962266559
349.3580000000001,COC1=CC=C(C=C1)CCNCC2=CC=CC=C2F.C(=O)(C(=O)O)O,0.0464,-3.8767527121222853
243.13700000000003,C1CNCC2=C1NC3=C2C=CC=C3Cl.Cl,0.0258,-3.9742313477920987
329.80299999999994,CC1=C(C=C(C=C1)NC(=O)CN2CCN(CC2)C(=O)C)F.Cl,0.0468,-3.84800874874232
276.723,CC1=CC2=NC(=CN2C=C1)C3=CC(=C(C=C3)O)O.Cl,0.0178,-4.1916252549815365
294.82599999999985,CC1CC2=CC=CC=C2N1C(=O)CN3CCCCC3.Cl,0.0393,-3.875173229892397
339.951,CCCCCCC(CCN1CCCCC1)(C2=CC=CC=C2)O.Cl,0.0493,-3.8385694037556037
316.78799999999995,COC1=CC=CC2=C1C=C(N2)C(=O)NCC3=CC=CC=C3.Cl,0.0109,-4.463342224116704
338.92299999999994,CC1CN(CC(O1)C)C2CCN(CC2)CC3=CC=C(C=C3)C.Cl,0.0318,-4.027673921954589
313.744,C1=CC=C2C(=C1)C3=C(O2)C(=NC=N3)NC4=CC=C(C=C4)O.Cl,0.0007,-5.651477389162304
341.79800000000006,CCC1=NC2=C(C(=N1)NC3=CC(=CC=C3)O)OC4=CC=CC=C42.Cl,0.0005,-5.834799512821359
329.843,CC1CCCC(N1CC(C)OC(=O)C2=CC=C(C=C2)F)C.Cl,0.0465,-3.8508543189322126
268.744,COC1=CC=C(C=C1)OCCCN2C=CN=C2.Cl,0.036,-3.8730362761713346
285.8149999999999,CC1=C(C(=CC=C1)C)OCCCN2CCOCC2.Cl,0.0355,-3.905856664423938
364.798,C1C2=CC=CC=C2N3C=CC=C3C(N1)C4=CC(=CC=C4)C(F)(F)F.Cl,0.0039,-4.970987841622904
299.8419999999999,CC1=C(C=CC(=C1)OCCN2CCOCC2)C(C)C.Cl,0.0342,-3.942866359983416
286.78799999999995,C1CN(CCN1)CC2=CC(=O)N3C=CSC3=N2.Cl,0.044,-3.814108298812177
486.0370000000002,CCOC1=CC2=C(C=C1)N=C(S2)N(CCN(C)C)C(=O)C3=CC4=CC=CC=C4C=C3OC.Cl,0.0042,-5.063420041177531
425.98500000000007,CC1=C2C(=CC=C1)SC(=N2)N(CCN(C)C)C(=O)C3=CC4=CC=CC=C4C=C3.Cl,0.0004,-6.027334315446302
315.848,CC1=CC2=C(C=C1)NC(=C2CCNCC3=CN=CC=C3)C.Cl,0.0471,-3.8264572240881494
357.8630000000001,CC(=O)N(CCN(C)C)C1=NC2=CC3=C(C=C2S1)OCCO3.Cl,0.0476,-3.876109845623421
447.93800000000016,CN(C)CCN(C1=NC2=C(C=C(C=C2S1)F)F)C(=O)C3=CC4=CC=CC=C4C=C3.Cl,0.0328,-4.135344062872959
456.01100000000014,CC1=C2C(=C(C=C1)OC)N=C(S2)N(CCN(C)C)C(=O)C3=CC4=CC=CC=C4C=C3.Cl,0.0308,-4.170424602439608
472.01000000000016,CN(C)CCN(C1=NC2=C(C=CC(=C2S1)OC)OC)C(=O)C3=CC4=CC=CC=C4C=C3.Cl,0.0086,-4.739452748447329
441.9840000000001,CN(C)CCN(C1=NC2=C(S1)C=C(C=C2)OC)C(=O)C3=CC4=CC=CC=C4C=C3.Cl,0.0249,-4.249207200901586
440.0120000000001,CC1=CC(=C2C(=C1)N=C(S2)N(CCN(C)C)C(=O)C3=CC4=CC=CC=C4C=C3)C.Cl,0.0067,-4.817389718018811
500.06400000000025,CCN(CC)CCN(C1=NC2=C(S1)C=C(C=C2)OC)C(=O)C3=CC4=CC=CC=C4C=C3OC.Cl,0.0037,-5.1308238664052706
436.0460000000001,CCN(CC)CCN(C1=NC2=C(S1)C=C(C=C2)C)C(=O)/C=C/C3=CC=CS3.Cl,0.0006,-5.861381056528017
440.0120000000001,CC1=C(C2=C(C=C1)SC(=N2)N(CCN(C)C)C(=O)C3=CC4=CC=CC=C4C=C3)C.Cl,0.0008,-5.740374533727693
490.8540000000001,CN(C)CCN(C1=NC2=C(S1)C=C(C=C2)Br)C(=O)C3=CC4=CC=CC=C4C=C3.Cl,0.0036,-5.134649833670679
470.0380000000002,CCN(CC)CCN(C1=NC2=C(S1)C=C(C=C2)OC)C(=O)C3=CC4=CC=CC=C4C=C3.Cl,0.0142,-4.519844625304146
429.94800000000015,CN(C)CCN(C1=NC2=C(S1)C=C(C=C2)F)C(=O)C3=CC4=CC=CC=C4C=C3.Cl,0.03,-4.156294678351386
440.0120000000001,CC1=CC(=C2C(=C1)SC(=N2)N(CCN(C)C)C(=O)C3=CC4=CC=CC=C4C=C3)C.Cl,0.0023,-5.281736684702044
422.01900000000006,CC1=CC(=C2C(=C1)SC(=N2)N(CCN(C)C)C(=O)/C=C/C3=CC=CS3)C.Cl,0.0009,-5.6710894946252
381.856,C=CCN1CC[C@]23[C@@H]4C(=O)CC[C@]2([C@H]1CC5=C3C(=C(C=C5)O)O4)O.O.Cl,0.0592,-3.8095779122209863
180.181,C(CN)CS(=O)(=O)O.O.[Na+],0.0029,-4.793310995013765
531.5220000000002,CN(C)C=O.C1=CC=C(C(=C1)C(=O)O)NS(=O)(=O)C2=CC(=C(C=C2)NN=CC3=CC=C(C=C3)F)[N+](=O)[O-],0.0047,-5.053423386992962
474.6270000000002,CC1=C(C=C(C=C1)S(=O)(=O)NCCC(=O)N2CCN(CC2)C3=CC=CC=C3)C.CN(C)C=O,0.0348,-4.134773196250541
322.162,C1C2=CC=CC=C2C(=N)N1NC(=O)C3=CC=CO3.Br,0.039,-3.9170097057060635
765.9320000000004,CCN(CC1=CC(=CC=C1)S(=O)(=O)[O-])C2=CC=C(C=C2)C(=C3C=CC(=[N+](CC)CC4=CC(=CC=C4)S(=O)(=O)O)C=C3)C5=CC=CC=C5S(=O)(=O)O.N,30.0,-1.4070689596444457
274.707,C1=CC=[N+](C=C1)C2=C(C3=CC=CC=C3NC2=O)O.[Cl-],0.0405,-3.8314147029064394
480.9010000000001,C[C@@]1([C@H]2C[C@H]3[C@@H](C(=O)C(=C([C@]3(C(=O)C2=C(C4=C1C=CC=C4O)O)O)O)C(=O)N)N(C)C)O.Cl,75.0,-0.8069944167680512
323.7799999999999,C1CC2=C3C(=CC=C2)C(=C(C(=O)N3C1)C(=O)NCCN)O.Cl,0.0483,-3.826302887977462
